BIN,SKU
W1-WTF-0-M-2,A12-S2-B1
W1-WTF-WHT-XXL-6258,A12-S2-B1
W1-WTF-WHT-XXL-6258,A12-S2-B1
W1-WTF-WHT-XXL-6258,A12-S2-B1
W1-WTF-0-L-20,A12-S2-B1
W1-WTF-0-M-2,A12-S2-B1
W1-WTF-0-L-20,A12-S2-B1
W1-WTF-WHT-XXL-6258,A12-S2-B1
W1-WTF-0-L-634,A12-S2-B1
W1-WTF-0-L-634,A12-S2-B1
W1-WTF-0-S-18,A12-S2-B2
W1-WTF-0-S-18,A12-S2-B2
W1-WTF-0-S-18,A12-S2-B2
W1-WTF-0-S-18,A12-S2-B2
W1-WTF-0-S-18,A12-S2-B2
W1-WTF-0-S-18,A12-S2-B2
WI-WTF-0-XL-21,A12-S2-B2
W1-WTF-0-M-19,A12-S2-B2
W1-WTF-0-M-19,A12-S2-B2
W1-WTF-0-S-18,A12-S2-B2
W1-WTF-0-M-2,A12-S2-B3
W1-WTF-0-M-2,A12-S2-B3
W1-WTF-MR-XL-1002,A12-S2-B3
W1-WTF-0-M-2,A12-S2-B3
W1-WTF-0-M-2,A12-S2-B3
W1-WTF-0-M-2,A12-S2-B3
W1-WTF-0-M-2,A12-S2-B3
W1-WTF-MR-XL-1002,A12-S2-B3
W1-WTF-0-M-2,A12-S2-B3
W1-WTF-0-M-2,A12-S2-B3
W1-WTF-RED-XS-6245,A12-S2-B4
W1-WTF-WHT-XS-6257,A12-S2-B4
W1-WTF-WHT-XS-6257,A12-S2-B4
W1-WTF-WHT-XS-6257,A12-S2-B4
W1-WTF-0-XL-21,A12-S2-B4
W1-WTF-MR-XL-1002,A12-S2-B4
W1-WTF-0-M-2,A12-S2-B4
W1-WTF-0-S-18,A12-S2-B4
W1-WTF-0-M-2,A12-S2-B4
W1-WTF-0-L-20,A12-S2-B4
W1-WTF-0-L-629,A12-S3-B5
W1-WTF-RED-XS-6245,A12-S3-B5
W1-WTF-BRN-XL-6127,A12-S3-B5
W1-WTF-BRN-XL-6127,A12-S3-B5
W1-WTF-BRN-XL-6127,A12-S3-B5
W1-WTF-BRN-XL-6127,A12-S3-B5
W1-WTF-BRN-XL-6127,A12-S3-B5
W1-WTF-RED-XXL-6246,A12-S3-B5
W1-WTF-RED-XXL-6246,A12-S3-B5
W1-WTF-MR-XL-1002,A12-S3-B5
W1-WTF-BRN-XS-6125,A12-S2-B6
W1-WTF-BRN-XS-6125,A12-S2-B6
W1-WTF-0-L-629,A12-S2-B6
W1-WTF-BRN-M-6126,A12-S2-B6
W1-WTF-BRN-M-6126,A12-S2-B6
W1-WTF-0-L-629,A12-S2-B6
W1-WTF-BRN-M-6126,A12-S2-B6
W1-WTF-BRN-XS-6125,A12-S2-B6
W1-WTF-BRN-M-6126,A12-S2-B6
W1-WTF-BRN-M-6126,A12-S2-B6
W1-WTF-0-S-1,A12-S2-B7
W1-WTF-0-S-1,A12-S2-B7
W1-WTF-0-L-629,A12-S2-B7
W1-WTF-BRN-M-6126,A12-S2-B7
W1-WTF-0-S-1,A12-S2-B7
W1-WTF-BRN-M-6126,A12-S2-B7
W1-WTF-0-S-1,A12-S2-B7
W1-WTF-BRN-M-6126,A12-S2-B7
W1-WTF-0-L-629,A12-S2-B7
W1-WTF-0-L-629,A12-S2-B7
W1-WTF-0-L-629,A12-S2-B8
W1-WTF-BRN-XS-6125,A12-S2-B8
W1-WTF-0-S-1,A12-S2-B8
W1-WTF-BRN-XXL-6128,A12-S2-B8
W1-WTF-BRN-XXL-6128,A12-S2-B8
W1-WTF-0-L-629,A12-S2-B8
W1-WTF-0-S-1,A12-S2-B8
W1-WTF-BRN-M-6126,A12-S2-B8
W1-WTF-BRN-XL-6127,A12-S2-B8
W1-WTF-BRN-M-6126,A12-S2-B8
W1-WTF-RED-XS-6245,A12-S2-B9
W1-WTF-RED-XS-6245,A12-S2-B9
W1-WTF-RED-XXL-6246,A12-S2-B9
W1-WTF-RED-XXL-6246,A12-S2-B9
W1-WTF-BRN-XXL-6128,A12-S2-B9
W1-WTF-BRN-XXL-6128,A12-S2-B9
W1-WTF-0-L-634,A12-S2-B9
W1-WTF-0-L-634,A12-S2-B9
W1-WTF-0-XXL-6207,A12-S2-B10
W1-WTF-0-XL-6182,A12-S2-B10
W1-WTF-0-XXL-6183,A12-S2-B10
W1-WTF-0-M-6204,A12-S2-B10
W1-WTF-0-XXL-6207,A12-S2-B10
W1-WTF-0-M-6204,A12-S2-B10
W1-WTF-0-S-6203,A12-S2-B10
W1-WTF-0-M-6180,A12-S2-B11
W1-WTF-0-L-6181,A12-S2-B11
W1-WTF-0-M-6180,A12-S2-B11
W1-WTF-0-XS-6178,A12-S2-B11
W1-WTF-0-XL-6182,A12-S2-B11
W1-WTF-0-XS-6202,A12-S2-B12
W1-WTF-0-L-6181,A12-S2-B12
W1-WTF-0-XL-6206,A12-S2-B12
W1-WTF-0-L-6181,A12-S2-B12
W1-WTF-0-L-6181,A12-S2-B12
W1-WTF-0-XS-6178,A12-S2-B13
W1-WTF-0-XXL-6183,A12-S2-B13
W1-WTF-0-XS-6202,A12-S2-B13
W1-WTF-0-XL-6206,A12-S2-B13
W1-WTF-0-M-6180,A12-S2-B13
W1-WTF-0-S-6179,A12-S2-B13
W1-WTF-0-M-6180,A12-S2-B14
W1-WTF-0-M-6204,A12-S2-B14
W1-WTF-0-S-6179,A12-S2-B14
W1-WTF-0-S-6203,A12-S2-B14
W1-WTF-0-L-6205,A12-S2-B14
W1-WTF-0-M-6204,A12-S2-B14
W1-WTF-GRN-M-6154,A12-S2-B15
W1-WTF-0-L-652,A12-S2-B15
W1-WTF-0-L-6205,A12-S2-B15
W1-WTF-BLK-30-6119,A12-S2-B15
W1-WTF-BLK-30-6119,A12-S2-B15
W1-WTF-BLK-32-6120,A12-S2-B15
W1-WTF-BLK-30-6119,A12-S2-B15
W1-WTF-BLK-32-6120,A12-S2-B15
W1-WTF-BLK-30-6119,A12-S2-B15
W1-WTF-0 28-659,A12-S2-B15
W1-WTF-GRN-M-6154,A12-S3-B11
W1-WTF-GRN-S-6153,A12-S3-B11
W1-WTF-GRN-XXL-6155,A12-S3-B11
W1-WTF-GRN-XXL-6155,A12-S3-B11
W1-WTF-GRN-M-6154,A12-S3-B11
W1-WTF-GRN-XXL-6155,A12-S3-B11
W1-WTF-GRN-S-6153,A12-S3-B11
W1-WTF-GRN-M-6154,A12-S3-B11
W1-WTF-GRN-S-6153,A12-S3-B11
W1-WTF-0-XL-653,A12-S3-B11
W1-WTF-GRN-M-6154,A12-S3-B12
W1-WTF-GRN-M-6154,A12-S3-B12
W1-WTF-GRN-S-6153,A12-S3-B12
W1-WTF-GRN-M-6154,A12-S3-B12
W1-WTF-0-XL-653,A12-S3-B12
W1-WTF-GRN-M-6154,A12-S3-B12
W1-WTF-0-XL-653,A12-S3-B12
W1-WTF-GRN-M-6154,A12-S3-B12
W1-WTF-0-L-652,A12-S3-B12
W1-WTF-0-L-652,A12-S3-B12
W1-WTF-BLK-34-6121,A12-S3-B13
W1-WTF-BLK-34-6121,A12-S3-B13
W1-WTF-BLK-30-6119,A12-S3-B13
W1-WTF-BLK-30-6119,A12-S3-B13
W1-WTF-BLK-34-6121,A12-S3-B13
W1-WTF-0-28-659,A12-S3-B13
W1-WTF-BLK-32-6120,A12-S3-B13
W1-WTF-BLK-32-6120,A12-S3-B13
W1-WTF-BLK-32-6120,A12-S3-B13
W1-WTF-0-28-659,A12-S3-B13
W1-WTF-0-L-652,A12-S3-B14
W1-WTF-0-XL-653,A12-S3-B14
W1-WTF-GRN-M-6154,A12-S3-B14
W1-WTF-BLK-34-6121,A12-S3-B14
W1-WTF-BLK-30-6119,A12-S3-B14
W1-WTF-HP-S-986,A12-S3-B15
W1-WTF-HP-S-986,A12-S3-B15
W1-WTF-HP-S-986,A12-S3-B15
W1-WTF-HP-S-986,A12-S3-B15
W1-WTF-HP-S-986,A12-S3-B15
W1-WTF-HP-XL-6262,A12-S3-B15
W1-WTF-HP-XS-6261,A12-S3-B15
W1-WTF-HP-XL-989,A12-S3-B15
W1-WTF-HP-M-987,A12-S3-B15
W1-WTF-HP-XL-6262,A12-S3-B15
W1-WTF-HP-XL-989,A12-S1-B1
W1-WTF-HP-L-988,A12-S1-B1
W1-WTF-HP-L-988,A12-S1-B1
W1-WTF-HP-M-987,A12-S1-B1
W1-WTF-HP-M-987,A12-S1-B1
W1-WTF-HP-XL-989,A12-S1-B1
W1-WTF-HP-M-987,A12-S1-B1
W1-WTF-HP-M-987,A12-S1-B1
W1-WTF-HP-XL-989,A12-S1-B1
W1-WTF-HP-XL-989,A12-S1-B1
W1-WTF-HP-L-988,A12-S1-B2
W1-WTF-GRN-XXL-6155,A12-S1-B2
W1-WTF-HP-XS-62261,A12-S1-B2
W1-WTF-HP-L-988,A12-S1-B2
W1-WTF-HP-M-987,A12-S1-B2
W1-WTF-HP-XL-989,A12-S1-B2
W1-WTF-HP-M-987,A12-S1-B2
W1-WTF-HP-L-988,A12-S1-B2
W1-WTF-0-28-659,A12-S1-B2
W1-WTF-BLK-30-6119,A12-S1-B2
W1-WTF-BLK-32-6120,A12-S1-B2
W1-WTF-GRN-M-6154,A12-S1-B3
W1-WTF-HP-M-987,A12-S1-B3
W1-WTF-HP-XL-6262,A12-S1-B3
W1-WTF-BLK-XS-6259,A12-S1-B3
W1-WTF-HP-M-987,A12-S1-B3
W1-WTF-HP-M-987,A12-S1-B3
W1-WTF-HP-S-986,A12-S1-B3
W1-WTF-HP-L-988,A12-S1-B3
W1-WTF-GRN-M-6154,A12-S1-B3
W1-WTF-HP-M-987,A12-S1-B3
W1-WTF-HP-M-987,A12-S1-B3
W1-WTF-0-L-65,A12-S1-B4
W1-WTF-BRN-XXL-6252,A12-S1-B4
W1-WTF-0-L-65,A12-S1-B4
W1-WTF-BRN-XS-6251,A12-S1-B4
W1-WTF-0-S-63,A12-S1-B4
W1-WTF-0-M-55,A12-S1-B5
W1-WTF-0-S-54,A12-S1-B5
W1-WTF-0-M-55,A12-S1-B5
W1-WTF-0-L-56,A12-S1-B5
W1-WTF-0-S-54,A12-S1-B5
W1-WTF-GR-XS-6159,A12-S1-B6
W1-WTF-GR-XS-6159,A12-S1-B6
W1-WTF-GR-XS-6159,A12-S1-B6
W1-WTF-GR-XS-6159,A12-S1-B6
W1-WTF-BRN-XS-6251,A12-S1-B6
W1-WTF-0-M-55,A12-S1-B7
W1-WTF-0-M-55,A12-S1-B7
W1-WTF-0-M-55,A12-S1-B7
W1-WTF-0-S-54,A12-S1-B7
W1-WTF-0-L-56,A12-S1-B7
W1-WTF-0-S-54,A12-S1-B9
W1-WTF-0-M-55,A12-S1-B9
W1-WTF-0-S-54,A12-S1-B9
W1-WTF-0-M-55,A12-S1-B9
W1-WTF-0-M-55,A12-S1-B9
W1-WTF-0-L-56,A12-S1-B8
W1-WTF-0-S-63,A12-S1-B8
W1-WTF-0-S-63,A12-S1-B8
W1-WTF-BRN-XS-6251,A12-S1-B8
W1-WTF-0-S-54,A12-S1-B8
W1-WTF-0-L-56,A12-S1-B9
W1-WTF-0-M-699,A14-S6-B10
W1-WTF-BLK-XS-6238,A14-S6-B10
W1-WTF-BLK-S-6239,A14-S6-B10
W1-WTF-BLK-XS-6238,A14-S6-B10
W1-WTF-BLK-S-6239,A14-S6-B10
W1-WTF-0-M-699,A14-S6-B11
W1-WTF-OL-698,A14-S6-B11
W1-WTF-0-M-699,A14-S6-B11
W1-WTF-0-L-698,A14-S6-B11
W1-WTF-BLK-S-6239,A14-S6-B11
W1-WTF-0-M-699,A14-S6-B12
W1-WTF-BLK-S-6239,A14-S6-B12
W1-WTF-BLK-XS-6238,A14-S6-B12
W1-WTF-BLK-XS-6238,A14-S6-B12
W1-WTF-0-L-698,A14-S6-B12
W1-WTF-BLK-XS-6238,A14-S6-B13
W1-WTF-BLK-S-6239,A14-S6-B13
W1-WTF-BLK-XS-6238,A14-S6-B13
W1-WTF-0-M-699,A14-S6-B13
W1-WTF-BLK-S-6239,A14-S6-B13
W1-WTF-0-M-699,A14-S6-B13
W1-WTF-RED-XS-6253,A12-S1-B11
W1-WTF-0-XL-70,A12-S1-B11
W1-WTF-0-XL-70,A12-S1-B11
W1-WTF-0-M-6225,A12-S1-B11
W1-WTF-0-XL-70,A12-S1-B11
W1-WTF-0-XL-70,A12-S1-B11
W1-WTF-RED-XXL-6254,A12-S1-B11
W1-WTF-0-XXL-6228,A12-S1-B11
W1-WTF-0-L-69,A12-S1-B11
W1-WTF-0-L-69,A12-S1-B11
OT-WALDENRGY-XXL,A12-S1-B11
W1-WTF-RED-XXL-6254,A12-S1-B11
W1-WTF-0-M-68,A12-S1-B11
W1-WTF-BLU-L-6263,A12-S1-B12
W1-WTF-BLU-L-6263,A12-S1-B12
W1-WTF-BLU-L-6263,A12-S1-B12
W1-WTF-BLU-L-6263,A12-S1-B12
W1-WTF-BLU-L-6263,A12-S1-B12
W1-WTF-0-M-643,A12-S1-B12
W1-WTF-BLU-L-6263,A12-S1-B12
W1-WTF-BLU-L-6263,A12-S1-B12
W1-WTF-BLK-L-6248,A12-S1-B12
W1-WTF-0-S-8,A12-S1-B12
W1-WTF-BLK-XS-6247,A12-S1-B12
W1-WTF-BLK-XS-6247,A12-S1-B12
W1-WTF-BLK-XS-6247,A12-S1-B12
W1-WTF-BLK-XS-6247,A12-S1-B12
W1-WTF-BLU-L-6263,A12-S1-B12
W1-WTF-0-M-9,A14-S6-B14
W1-WTF-0-S-8,A14-S6-B14
W1-WTF-0-S-8,A14-S6-B14
W1-WTF-0-S-8,A14-S6-B14
W1-WTF-0-S-8,A14-S6-B14
W1-WTF-0-S-8,A14-S6-B14
W1-WTF-BLK-XL-6249,A14-S6-B14
W1-WTF-BLK-L-6248,A14-S6-B14
W1-WTF-BLK-L-6248,A14-S6-B14
W1-WTF-BLK-XXL-6250,A14-S6-B14
W1-WTF-BLK-XXL-6250,A14-S6-B14
W1-WTF-BLK-L-6248,A14-S6-B14
W1-WTF-BLK-L-6248,A14-S6-B14
W1-WTF-BLK-XXL-6250,A14-S6-B14
W1-WTF-BLK-XXL-6250,A14-S6-B14
W1-WTF-0-L-670,A12-S1-B13
W1-WTF-0-L-670,A12-S1-B13
W1-WTF-0-L-670,A12-S1-B13
W1-WTF-WHT-S-6241,A12-S1-B13
W1-WTF-0-L-670,A12-S1-B13
W1-WTF-0-L-670,A12-S1-B13
W1-WTF-0-L-670,A12-S1-B13
W1-WTF-WHT-S-6241,A12-S1-B13
W1-WTF-0-M-27,A12-S1-B13
W1-WTF-0-M-27,A12-S1-B13
W1-WTF-0-M-27,A12-S1-B13
W1-WTF-0-M-27,A12-S1-B13
W1-WTF-WHT-XXL-6256,A12-S1-B13
W1-WTF-WHT-XXL-6256,A12-S1-B13
W1-WTF-WHT-XXL-6256,A12-S1-B13
W1-WTF-0-M-9,A14-S6-B15
W1-WTF-0-M-9,A14-S6-B15
W1-WTF-WHT-XXL-6244,A14-S6-B15
W1-WTF-WHT-M-6242,A14-S6-B15
W1-WTF-WHT-XL-6243,A14-S6-B15
W1-WTF-WHT-M-6242,A14-S6-B15
W1-WTF-WHT-M-6242,A14-S6-B15
W1-WTF-WHT-XL-6243,A14-S6-B15
W1-WTF-WHT-XL-6243,A14-S6-B15
W1-WTF-WHT-XL-6243,A14-S6-B15
W1-WTF-WHT-XXL-6244,A14-S6-B15
W1-WTF-WHT-XL-6243,A14-S6-B15
W1-WTF-WHT-M-6242,A14-S6-B15
W1-WTF-WHT-XL-6243,A14-S6-B15
W1-WTF-WHT-XXL-6244,A14-S6-B15
W1-WTF-BLK-XS-6240,A12-S1-B14
W1-WTF-0-L-670,A12-S1-B14
W1-WTF-BLK-XS-6240,A12-S1-B14
W1-WTF-WHT-S-6241,A12-S1-B14
W1-WTF-WHT-S-6241,A12-S1-B14
W1-WTF-WHT-XXL-6244,A12-S1-B14
W1-WTF-WHT-M-6242,A12-S1-B14
W1-WTF-WHT-S-6241,A12-S1-B14
W1-WTF-BLK-XS-6240,A12-S1-B14
W1-WTF-BLK-XS-6240,A12-S1-B14
W1-WTF-WHT-M-6242,A12-S1-B14
W1-WTF-WHT-M-6242,A12-S1-B14
W1-WTF-WHT-M-6242,A12-S1-B14
W1-WTF-WHT-M-6242,A12-S1-B14
W1-WTF-WHT-M-6242,A12-S1-B14
W1-WTF-0-XL-29,A14-S4-B13
W1-WTF-0-XL-29,A14-S4-B13
W1-WTF-0-M-9,A14-S4-B13
W1-WTF-0-M-9,A14-S4-B13
W1-WTF-0-M-9,A14-S4-B13
W1-WTF-0-M-9,A14-S4-B13
W1-WTF-0-M-9,A14-S4-B13
W1-WTF-0-M-9,A14-S4-B13
W1-WTF-0-M-9,A14-S4-B13
W1-WTF-BLK-XL-6249,A14-S4-B13
W1-WTF-0-M-9,A14-S4-B13
W1-WTF-BLK-XL-6249,A14-S4-B13
W1-WTF-BLK-XL-6249,A14-S4-B13
W1-WTF-BLK-L-6248,A14-S4-B13
W1-WTF-0-M-9,A14-S4-B13
W1-WTF-0-XL-29,A12-S1-B15
W1-WTF-0-S-26,A12-S1-B15
W1-WTF-0-L-28,A12-S1-B15
W1-WTF-0-L-28,A12-S1-B15
W1-WTF-0-L-28,A12-S1-B15
W1-WTF-0-S-26,A12-S1-B15
W1-WTF-0-M-27,A12-S1-B15
W1-WTF-0-S-26,A12-S1-B15
W1-WTF-0-L-28,A12-S1-B15
W1-WTF-0-L-28,A12-S1-B15
W1-WTF-0-L-28,A12-S1-B15
W1-WTF-WHT-S-6241,A12-S1-B15
W1-WTF-0-S-26,A12-S1-B15
W1-WTF-0-L-670,A12-S1-B15
W1-WTF-0-S-26,A12-S1-B15
W1-WTF-0-M-27,A12-S1-B15
W1-WTF-WHT-M-6242,A14-S4-B14
W1-WTF-WHT-XS-6255,A14-S4-B14
W1-WTF-0-M-27,A14-S4-B14
W1-WTF-0-M-27,A14-S4-B14
W1-WTF-0-M-27,A14-S4-B14
W1-WTF-0-M-27,A14-S4-B14
W1-WTF-0-M-27,A14-S4-B14
W1-WTF-0-M-27,A14-S4-B14
W1-WTF-0-S-26,A14-S4-B14
W1-WTF-0-XL-29,A14-S4-B14
W1-WTF-WHT-XS-6255,A14-S4-B14
W1-WTF-WHT-M-6242,A14-S4-B14
W1-WTF-WHT-XS-6255,A14-S4-B14
W1-WTF-0-XL-29,A14-S4-B14
W1-WTF-0-XL-29,A14-S4-B14
W1-WTF-WHT-XS-6255,A14-S4-B14
W1-WTF-0-M-68,A14-S4-B15
W1-WTF-0-M-68,A14-S4-B15
W1-WTF-0-M-68,A14-S4-B15
W1-WTF-0-M-68,A14-S4-B15
W1-WTF-0-M-68,A14-S4-B15
W1-WTF-0-L-69,A14-S4-B15
W1-WTF-0-L-69,A14-S4-B15
W1-WTF-0-L-69,A14-S4-B15
W1-WTF-0-L-69,A14-S4-B15
W1-WTF-RED-XS-6253,A14-S4-B15
W1-WTF-RED-XXL-6254,A14-S4-B15
W1-WTF-0-M-68,A14-S4-B15
W1-WTF-RED-XXL-6254,A14-S4-B15
W1-WTF-RED-XS-6253,A14-S4-B15
W1-WTF-0-XL-70,A14-S4-B15
W1-WTF-0-S-6224,A14-S1-B13
W1-WTF-0-M-68,A14-S1-B13
W1-WTF-0-S-67,A14-S1-B13
W1-WTF-0-S-67,A14-S1-B13
W1-WTF-0-M-6225,A14-S1-B13
W1-WTF-0-XL-70,A14-S1-B13
W1-WTF-0-S-67,A14-S1-B13
W1-WTF-0-L-6175,A14-S1-B13
W1-WTF-0-XL-6227,A14-S1-B13
W1-WTF-0-L-6226,A14-S1-B13
W1-WTF-0-M-68,A14-S1-B13
W1-WTF-0-S-67,A14-S1-B13
W1-WTF-0-S-67,A14-S1-B13
W1-WTF-0-S-67,A14-S1-B13
W1-WTF-0-M-68,A14-S1-B13
W1-WTF-0-M-6216,A14-S1-B14
W1-WTF-0-XL-6218,A14-S1-B14
W1-WTF-0-M-6225,A14-S1-B14
W1-WTF-0-M-6225,A14-S1-B14
W1-WTF-0-L-6226,A14-S1-B14
W1-WTF-0-L-6226,A14-S1-B14
W1-WTF-0-L-6226,A14-S1-B14
W1-WTF-0-XL-6227,A14-S1-B14
W1-WTF-0-XS-6223,A14-S1-B14
W1-WTF-0-XS-6223,A14-S1-B14
W1-W-0-S-6224,A14-S1-B14
W1-WTF-0-L-6226,A14-S1-B14
W1-WTF-0-L-6226,A14-S1-B14
W1-WTF-0-M-6216,A14-S1-B14
W1-WTF-0-M-6216,A14-S1-B14
W1-V/TF-0-XL-6176,A14-S1-B15
W1-WTF-0-M-6216,A14-S1-B15
W1-WTF-0-M-6216,A14-S1-B15
W1-WTF-0-XL-6218,A14-S1-B15
W1-WTF-0-L-6217,A14-S1-B15
W1-WTF-0-M-6216,A14-S1-B15
W1-WTF-0-L-6217,A14-S1-B15
W1-WTF-0-S-6215,A14-S1-B15
W1-WTF-0 M-6225,A14-S1-B15
W1-WTF-0-M-6225,A14-S1-B15
W1-WTF-0-M-6174,A14-S1-B15
W1-WTF-0-L-6175,A14-S1-B15
W1-WTF-0-M-6220,A14-S1-B15
W1-WTF-0-L-6217,A14-S1-B15
W1-WTF-0-L-6217,A14-S1-B15
W1-WTF-0-M-6220,A15-S1-B1
W1-WTF-0-M-68,A15-S1-B1
W1-WTF-0-S-6219,A15-S1-B1
W1-WTF-0-XL-6176,A15-S1-B1
W1-WTF-0-S-6219,A15-S1-B1
W1-WTF-0-M-6174,A15-S1-B1
W1-WTF-0-S-6173,A15-S1-B1
W1-WTF-0-L-6175,A15-S1-B1
W1-WTF-0-XL-6176,A15-S1-B1
W1-WTF-0-L-6221,A15-S1-B1
W1-WTF-0-S-6173,A15-S1-B1
W1-WTF-0-XS-6172,A15-S1-B1
W1-WTF-0-L-6221,A15-S1-B1
W1-WTF-0-XL-6222,A15-S1-B1
W1-WTF-0-M-6220,A15-S1-B1
W1-WTF-0-M-6220,A15-S1-B1
W1-WTF-0-M-6174,A15-S1-B2
W1-WTF-0-M-68,A15-S1-B2
W1-WTF-0-XL-6222,A15-S1-B2
W1-WTF-0-M-6174,A15-S1-B2
W1-WTF-0-XXL-6177,A15-S1-B2
W1-WTF-0-XS-6172,A15-S1-B2
W1-WTF-0-XL-6176,A15-S1-B2
W1-WTF-0-M-6174,A15-S1-B2
W1-WTF-0-L-6221,A15-S1-B2
W1-WTF-0-M-6174,A15-S1-B2
W1-WTF-0-S-6173,A15-S1-B2
W1-WTF-0-L-6221,A15-S1-B2
W1-WTF-0-S-6173,A15-S1-B2
W1-WTF-0-M-6174,A15-S1-B2
W1-WTF-0-L-6175,A15-S1-B2
W1-WTF-0-XXL-6177,A15-S1-B2
W1-WTF-0-M-6174,A15-S1-B2
W1-WTF-BLU-XL-6140,A15-S1-B3
W1-WTF-BLU-XS-6137,A15-S1-B3
W1-WTF-BLU-XL-6140,A15-S1-B3
W1-WTF-BLU-XXL-6141,A15-S1-B3
W1-WTF-BLU-XXL-6141,A15-S1-B3
W1-WTF-BLU-XXL-6141,A15-S1-B3
W1-WTF-BLU-XXL-6141,A15-S1-B3
W1-WTF-BLU-XL-6140,A15-S1-B3
W1-WTF-BLU-XL-6140,A15-S1-B3
W1-WTF-BLU-XL-6140,A15-S1-B3
W1-WTF-BLU-XL-6140,A15-S1-B3
W1-WTF-0-M-643,A15-S1-B3
W1-WTF-BLU-S-6138,A15-S1-B3
W1-WTF-BLU-XS-6137,A15-S1-B3
W1-WTF-BLU-XS-6137,A15-S1-B3
W1-WTF-BLU-XS-6137,A15-S1-B3
W1-WTF-GR-S-6134,A15-S1-B4
W1-WTF-GR-S-6134,A15-S1-B4
WZ-WTF-GRS-6134,A15-S1-B4
W1-WTF-GR-S-6134,A15-S1-B4
W1-WTF-0-M-664,A15-S1-B4
W1-WTF-0-M-664,A15-S1-B4
W1-WTF-GR-XL-6135,A15-S1-B4
W1-WTF-GR-XL-6135,A15-S1-B4
W1-WTF-0-L-5,A15-S1-B4
W1-WTF-0-M-664,A15-S1-B4
W1-WTF-0-M-664,A15-S1-B4
W1-WTF-0-M-664,A15-S1-B4
W1-WTF-GR-XS-6133,A15-S1-B4
W1-WTF-GR-XL-6135,A15-S1-B4
W1-WTF-GR-S-6134,A15-S1-B4
W1-WTF-GR-XXL-6136,A15-S1-B4
W1-WTF-0-L-5,A15-S1-B5
W1-WTF-GR-XL-6135,A15-S1-B5
W1-WTF-0-M-643,A15-S1-B5
W1-WTF-0-M-643,A15-S1-B5
W1-WTF-0-L-5,A15-S1-B5
W1-WTF-0-L-5,A15-S1-B5
W1-WTF-0-L-5,A15-S1-B5
W1-WTF-0-L-5,A15-S1-B5
W1-WTF-0-L-5,A15-S1-B5
W1-WTF-0-M-643,A15-S1-B5
W1-WTF-GR-XXL-6136,A15-S1-B5
W1-WTF-GR-XXL-6136,A15-S1-B5
W1-WTF-GR-XS-6133,A15-S1-B5
W1-WTF-GR-XS-6133,A15-S1-B5
W1-WTF-0-L-5,A15-S1-B5
W1-WTF-0-M-643,A15-S1-B6
W1-WTF-GR-XS-6133,A15-S1-B6
W1-WTF-BLU-S-6138,A15-S1-B6
W1-WTF-BLU-S-6138,A15-S1-B6
W1-WTF-0-M-643,A15-S1-B6
W1-WTF-GR-XXL-6136,A15-S1-B6
W1-WTF-GR-XL-6135,A15-S1-B6
W1-WTF-GR-XL-6135,A15-S1-B6
W1-WTF-BLU-S-6138,A15-S1-B6
W1-WTF-BLU-S-6138,A15-S1-B6
W1-WTF-0-M-643,A15-S1-B6
W1-WTF-0-M-643,A15-S1-B6
W1-WTF-0-M-664,A15-S1-B6
W1-WTF-BLU-S-6138,A15-S1-B6
W1-WTF-0-M-643,A15-S1-B6
W1-WTF-0-34-663,A15-S1-B7
W1-WTF-0-32-662,A15-S1-B7
WWZI-WTTF-0-28-660,A15-S1-B7
W1-WTF-0-28-660,A15-S1-B7
W1-WTF-0-32-662,A15-S1-B7
W1-WTF-0-34-663,A15-S1-B7
W1-WTF-0-32-662,A15-S1-B7
W1-WTF-0-32-662,A15-S1-B7
W1-WTF-0-28-660,A15-S1-B7
W1-WTF-0-34-663,A15-S1-B7
W1-WTF-0-34-663,A15-S1-B8
W1-WTF-0-30-661,A15-S1-B8
W1-WTF-0-30-661,A15-S1-B8
W1-WTF-0-28-660,A15-S1-B8
W1-WTF-0-30-661,A15-S1-B8
W1-WTF-0-30-661,A15-S1-B8
W1-WTF-BLU-26-6123,A15-S1-B8
W1-WTF-0-30-661,A15-S1-B9
W1-WTF-0-30-661,A15-S1-B9
W1-WTF-0-32-662,A15-S1-B9
W1-WTF-0-30-661,A15-S1-B9
W1-WTF-0-30-661,A15-S1-B9
W1-WTF-BLU-26-6123,A15-S1-B9
W1-WTF-0-XL-74,A15-S1-B10
W1-WTF-GRN-XS-6151,A15-S1-B10
W1-WTF-RED-S-6148,A15-S1-B10
W1-WTF-GRN-XXL-6152,A15-S1-B10
W1-WTF-0-XL-74,A15-S1-B10
W1-WTF-RED-S-6148,A15-S1-B10
W1-WTF-0-L-73,A15-S1-B10
W1-WTF-0-L-73,A15-S1-B10
W1-WTF-0-L-73,A15-S1-B10
W1-WTF-0-S-71,A15-S1-B10
W1-WTF-0-S-71,A15-S1-B10
W1-WTF-0-L-73,A15-S1-B10
W1-WTF-0-L-73,A15-S1-B10
W1-WTF-RED-S-6148,A15-S1-B10
W1-WTF-0-S-71,A15-S1-B10
W1-WTF-0-M-10,A15-S1-B11
W1-WTF-0-M-10,A15-S1-B11
W1-WTF-0-M-10,A15-S1-B11
W1-WTF-0-M-10,A15-S1-B11
W1-WTF-0-M-10,A15-S1-B11
W1-WTF-0-M-651,A15-S1-B11
W1-WTF-0-M-651,A15-S1-B11
W1-WTF-0-M-651,A15-S1-B11
W1-WTF-RED-S-6148,A15-S1-B11
W1-WTF-RED-S-6148,A15-S1-B11
W1-WTF-0-XL-74,A15-S1-B11
W1-WTF-0-XL-74,A15-S1-B11
W1-WTF-GRN-XXL-6152,A15-S1-B11
W1-WTF-0-S-71,A15-S1-B11
W1-WTF-0-XL-74,A15-S1-B11
W1-WTF-RED-XXL-6150,A15-S1-B12
W1-WTF-GRN-XXL-6152,A15-S1-B12
W1-WTF-0-L-73,A15-S1-B12
W1-WTF-0-M-72,A15-S1-B12
W1-WTF-0-L-73,A15-S1-B12
W1-WTF-0-M-72,A15-S1-B12
W1-WTF-0-M-72,A15-S1-B12
W1-WTF-RED-XXL-6150,A15-S1-B12
W1-WTF-0-M-651,A15-S1-B12
W1-WTF-0-M-72,A15-S1-B12
W1-WTF-0-M-72,A15-S1-B12
W1-WTF-0-L-4,A15-S1-B12
W1-WTF-0-M-72,A15-S1-B12
W1-WTF-0-M-72,A15-S1-B12
W1-WTF-0-M-72,A15-S1-B12
W1-WTF-0-XL-66,A15-S6-B1
W1-WTF-0-M-64,A15-S6-B1
W1-WTF-0-M-64,A15-S6-B1
W1-WTF-0-L-65,A15-S6-B1
W1-WTF-0-XL-66,A15-S6-B1
W1-WTF-0-M-64,A15-S6-B2
W1-WTF-0-M-64,A15-S6-B2
W1-WTF-BRN-XXL-6252,A15-S6-B2
W1-WTF-0-M-64,A15-S6-B2
W1-WTF-0-XL-66,A15-S6-B2
W1-WTF-0-L-65,A15-S6-B3
W1-WTF-0-L-65,A15-S6-B3
W1-WTF-BRN-XXL-6252,A15-S6-B3
W1-WTF-0-S-63,A15-S6-B3
W1-WTF-0-M-64,A15-S6-B3
W1-WTF-0-L-65,A15-S6-B4
W1-WTF-0-XL-66,A15-S6-B4
W1-WTF-0-L-65,A15-S6-B4
W1-WTF-0-L-65,A15-S6-B4
W1-WTF-0-L-65,A15-S6-B4
W1-WTF-0-S-63,A15-S6-B5
W1-WTF-0-L-65,A15-S6-B5
W1-WTF-0-XL-66,A15-S6-B5
W1-WTF-0-S-63,A15-S6-B5
W1-WTF-0-XL-66,A15-S6-B5
W1-WTF-0-26-6166,A16-S6-B1
W1-WTF-0-30-6168,A16-S6-B1
W1-WTF-0-30-6168,A16-S6-B1
W1-WTF-0-26-6166,A16-S6-B1
W1-WTF-0-36-6171,A16-S6-B1
W1-WTF-0-34-6170,A16-S6-B1
W1-WTF-0-32-6169,A16-S6-B1
W1-WTF-0-36-6171,A16-S6-B1
W1-WTF-0-34-6170,A16-S6-B1
W1-WTF-0-32-6169,A16-S6-B1
W1-WTF-0-28-6167,A16-S6-B1
W1-WTF-BLK-XS-6157,A15-S1-B13
W1-WTF-BLK-XS-6157,A15-S1-B13
W1-WTF-RED-XS-6147,A15-S1-B13
W1-WTF-BLK-XS-6157,A15-S1-B13
W1-WTF-BLK-XS-6157,A15-S1-B13
W1-WTF-RED-XXL-6158,A15-S1-B13
W1-WTF-BLK-XS-6157,A15-S1-B13
W1-WTF-RED-XXL-6158,A15-S1-B13
W1-WTF-RED-XXL-6158,A15-S1-B13
W1-WTF-RED-XXL-6158,A15-S1-B13
W1-WTF-RED-XXL-6158,A15-S1-B13
W1-WTF-0-M-72,A15-S1-B13
W1-WTF-RED-XXL-6158,A15-S1-B13
W1-WTF-0-M-651,A15-S1-B13
W1-WTF-BLK-XS-6157,A15-S1-B13
W1-WTF-0-L-6211,A15-S6-B6
W1-WTF-0-M-6210,A15-S6-B6
W1-WTF-0-S-6209,A15-S6-B6
W1-WTF-0-XS-6208,A15-S6-B6
W1-WTF-0-XXL-6213,A15-S6-B6
W1-WTF-0-M-6210,A15-S6-B6
W1-WTF-0-XXL-6213,A15-S6-B6
W1-WTF-0-S-71,A15-S1-B14
W1-WTF-0-M-72,A15-S1-B14
W1-WTF-0-M-651,A15-S1-B14
W1-WTF-GRN-XS-6151,A15-S1-B14
W1-WTF-0-M-72,A15-S1-B14
W1-WTF-RED-XS-6147,A15-S1-B14
W1-WTF-RED-XS-6147,A15-S1-B14
W1-WTF-RED-S-6148,A15-S1-B14
W1-WTF-RED-XL-6149,A15-S1-B14
W1-WTF-0-L-4,A15-S1-B14
W1-WTF-0-L-4,A15-S1-B14
W1-WTF-RED-XL-6149,A15-S1-B14
W1-WTF-RED-XL-6149,A15-S1-B14
W1-WTF-RED-XL-6149,A15-S1-B14
W1-WTF-RED-XL-6149,A15-S1-B14
W1-WTF-0-L-6232,A16-S6-B3
W1-WTF-0-S-6230,A16-S6-B3
W1-WTF-0-S-6230,A16-S6-B3
W1-WTF-0-M-6231,A16-S6-B3
W1-WTF-0-XL-6233,A16-S6-B3
W1-WTF-0-XS-6229,A16-S6-B3
W1-WTF-0-M-6231,A16-S6-B3
W1-WTF-0-28-6167,A16-S6-B2
W1-WTF-0-S-6161,A16-S6-B2
W1-WTF-0-M-6162,A16-S6-B2
W1-WTF-0-L-6163,A16-S6-B2
W1-WTF-0-XS-6160,A16-S6-B2
W1-WTF-0-S-6161,A16-S6-B2
W1-WTF-0-XS-6160,A16-S6-B2
W1-WTF-0-M-6162,A16-S6-B2
W1-WTF-0-M-6162,A16-S6-B2
W1-WTF-0-M-6162,A16-S6-B2
W1-WTF-0-XXL-6165,A16-S6-B2
W1-WTF-0-XL-6164,A16-S6-B2
W1-WTF-0-M-6162,A16-S6-B2
W1-WTF-0-XL-6164,A16-S6-B2
W1-WTF-0-M-6162,A16-S6-B2
W1-WTF-0-M-6162,A16-S6-B2
W1-WTF-0-S-6161,A16-S6-B2
W1-WTF-0-XL-6164,A16-S6-B2
W1-WTF-0-M-6162,A16-S6-B2
W1-WTF-0-L-6163,A16-S6-B2
W1-WTF-0-M-6210,A15-S6-B7
W1-WTF-0-XL-6212,A15-S6-B7
W1-WTF-0-M-6210,A15-S6-B7
W1-WTF-0-M-6210,A15-S6-B7
W1-WTF-0-L-6211,A15-S6-B7
W1-WTF-0-M-6210,A15-S6-B7
W1-WTF-0-L-6211,A15-S6-B7
W1-WTF-0-S-6230,A16-S6-B4
W1-WTF-0-L-6232,A16-S6-B4
W1-WTF-0-S-6230,A16-S6-B4
W1-WTF-0-M-6231,A16-S6-B4
W1-WTF-0-XS-6229,A16-S6-B4
W1-WTF-0-M-6231,A16-S6-B4
W1-WTF-0-XL-6233,A16-S6-B4
W1-WTF-BLK-XS-6156,A15-S6-B8
W1-WTF-0-XS-6208,A15-S6-B8
W1-WTF-0-XL-6212,A15-S6-B8
W1-WTF-0-L-6211,A15-S6-B8
W1-WTF-0-S-6209,A15-S6-B8
W1-WTF-PM-S-990,A15-S1-B15
W1-WTF-PM-S-990,A15-S1-B15
W1-WTF-PM-S-990,A15-S1-B15
W1-WTF-PM-S-990,A15-S1-B15
W1-WTF-PM-S-990,A15-S1-B15
W1-WTF-PM-S-990,A15-S1-B15
W1-WTF-PM-S-990,A15-S1-B15
W1-WTF-PM-S-990,A15-S1-B15
W1-WTF-PM-S-990,A15-S1-B15
W1-WTF-0-XL-11,A15-S1-B15
W1-WTF-0-XL-11,A15-S1-B15
W1-WTF-0-XL-11,A15-S1-B15
W1-WTF-0-XL-11,A15-S1-B15
W1-WTF-PM-L-991,A15-S1-B15
W1-WTF-RED-XXL-6150,A15-S1-B15
W1-WTF-0-M-657,A15-S6-B9
W1-WTF-0-S-658,A15-S6-B9
W1-WTF-0-S-658,A15-S6-B9
W1-WTF-0-M-657,A15-S6-B9
W1-WTF-BLK-XS-6156,A15-S6-B9
W1-WTF-0-M-657,A15-S6-B10
W1-WTF-0-M-657,A15-S6-B10
W1-WTF-0-M-657,A15-S6-B10
W1-WTF-BLK-XS-6156,A15-S6-B10
W1-WTF-0-S-658,A15-S6-B10
W1-WTF-BRN-32-6236,A16-S6-B5
W1-WTF-BRN-28-6234,A16-S6-B5
W1-WTF-0-L-6163,A16-S6-B5
W1-WTF-0-XL-6164,A16-S6-B5
W1-WTF-0-L-6163,A16-S6-B5
W1-WTF-0-M-6162,A16-S6-B5
W1-WTF-0-L-6163,A16-S6-B5
W1-WTF-0-L-6163,A16-S6-B5
W1-WTF-0-S-6161,A16-S6-B5
W1-WTF-0-XXL-6165,A16-S6-B5
W1-WTF-0-M-6162,A16-S6-B5
W1-WTF-0-28-638,A16-S6-B5
W1-WTF-0-28-638,A16-S6-B5
W1-WTF-BLK-M-1007,A16-S6-B5
W1-WTF-BLK-M-1007,A16-S6-B5
W1-WTF-BLK-M-1007,A16-S6-B5
W1-WTF-BLK-M-1007,A16-S6-B5
W1-WTF-BLK-M-1007,A16-S6-B5
W1-WTF-BLK-M-1007,A16-S6-B5
W1-WTF-BLK-L-1008,A16-S6-B5
W1-WTF-BLK-XS-6156,A15-S6-B11
W1-WTF-0-M-657,A15-S6-B11
W1-WTF-0-S-658,A15-S6-B11
W1-WTF-0-S-658,A15-S6-B11
W1-WTF-0-S-658,A15-S6-B11
W1-WTF-BRN-30-6235,A16-S6-B6
W1-WTF-BRN-30-6235,A16-S6-B6
W1-WTF-BRN-30-6235,A16-S6-B6
W1-WTF-BRN-30-6235,A16-S6-B6
W1-WTF-BRN-30-6235,A16-S6-B6
W1-WTF-BRN-32-6236,A16-S6-B6
W1-WTF-BRN-32-6236,A16-S6-B6
W1-WTF-BRN-32-6236,A16-S6-B6
W1-WTF-BRN-30-6235,A16-S6-B6
W1-WTF-0-28-638,A16-S6-B6
W1-WTF-0-28-638,A16-S6-B6
W1-WTF-BLK-L-1008,A16-S6-B6
W1-WTF-BLK-L-1008,A16-S6-B6
W1-WTF-BLK-L-1008,A16-S6-B6
W1-WTF-0-28-638,A16-S6-B6
W1-WTF-BLK-M-1007,A16-S6-B7
W1-WTF-BLK-M-1007,A16-S6-B7
W1-WTF-BLK-M-1007,A16-S6-B7
W1-WTF-BLK-S-1006,A16-S6-B7
W1-WTF-BLK-L-1008,A16-S6-B7
W1-WTF-0-M-651,A16-S6-B7
W1-WTF-0-M-651,A16-S6-B7
W1-WTF-0-M-651,A16-S6-B7
W1-WTF-0-M-651,A16-S6-B7
W1-WTF-0-M-651,A16-S6-B7
W1-WTF-RED-XS-6147,A16-S6-B7
W1-WTF-0-M-651,A16-S6-B7
W1-WTF-0-L-4,A16-S6-B7
W1-WTF-0-L-4,A16-S6-B7
W1-WTF-0-L-4,A16-S6-B7
W1-WTF-BLK-S-1006,A16-S6-B8
W1-WTF-BLK-S-1006,A16-S6-B8
W1-WTF-BLK-M-1007,A16-S6-B8
W1-WTF-BLK-XL-1009,A16-S6-B8
W1-WTF-BLK-XL-1009,A16-S6-B8
W1-WTF-BLK-XL-1009,A16-S6-B8
W1-WTF-BLK-XL-1009,A16-S6-B8
W1-WTF-BLK-XL-1009,A16-S6-B8
W1-WTF-BLK-XL-1009,A16-S6-B8
W1-WTF-BLK-S-1006,A16-S6-B8
W1-WTF-BLK-S-1006,A16-S6-B8
W1-WTF-BLK-S-1006,A16-S6-B8
W1-WTF-BLK-L-1008,A16-S6-B8
W1-WTF-BLK-M-1007,A16-S6-B8
W1-WTF-BLK-M-1007,A16-S6-B8
W1-WTF-0-30-639,A15-S6-B12
W1-WTF-0-30-639,A15-S6-B12
W1-WTF-0-30-639,A15-S6-B12
W1-WTF-0-32-640,A15-S6-B12
W1-WTF-0-30-639,A15-S6-B12
W1-WTF-0-30-639,A15-S6-B12
W1-WTF-0-32-640,A15-S6-B12
W1-WTF-0-28-638,A15-S6-B12
W1-WTF-BRN-28-6234,A15-S6-B12
W1-WTF-0-32-640,A15-S6-B12
W1-WTF-0-M-58,A16-S6-B9
W1-WTF-BLK-M-994,A16-S6-B9
W1-WTF-BLK-M-994,A16-S6-B9
W1-WTF-PRP-L-6130,A16-S6-B9
W1-WTF-PRP-XS-6129,A16-S6-B9
W1-WTF-BLK-XL-995,A16-S6-B9
W1-WTF-BLK-M-994,A16-S6-B9
W1-WTF-0-M-58,A16-S6-B9
W1-WTF-0-M-58,A16-S6-B9
W1-WTF-BLK-XL-995,A16-S6-B9
W1-WTF-PRP-L-6130,A16-S6-B9
W1-WTF-BLK-M-994,A16-S6-B9
W1-WTF-PRP-XL-6131,A16-S6-B9
W1-WTF-PRP-XL-6131,A16-S6-B9
W1-WTF-PRP-L-6130,A16-S6-B9
W1-WTF-PRP-XL-6131,A16-S6-B10
W1-WTF-0-S-57,A16-S6-B10
W1-WTF-0-S-57,A16-S6-B10
W1-WTF-PRP-L-6130,A16-S6-B10
W1-WTF-PRP-XL-6131,A16-S6-B10
W1-WTF-PRP-L-6130,A16-S6-B10
W1-WTF-PRP-XL-6131,A16-S6-B10
W1-WTF-PRP-XL-6131,A16-S6-B10
W1-WTF-PRP-XS-6129,A16-S6-B10
W1-WTF-PRP-XS-6129,A16-S6-B10
W1-WTF-PRP-L-6130,A16-S6-B10
W1-WTF-0-M-58,A16-S6-B10
W1-WTF-0-M-58,A16-S6-B10
W1-WTF-BLK-XL-995,A16-S6-B10
W1-WTF-BLK-XL-995,A16-S6-B10
W1-WTF-BLK-XXL-6260,A15-S6-B13
W1-WTF-BLK-XXL-6260,A15-S6-B13
W1-WTF-0-S-18,A15-S6-B13
W1-WTF-BLK-XS-6259,A15-S6-B13
W1-WTF-0-32-640,A15-S6-B13
W1-WTF-0-30-639,A15-S6-B13
W1-WTF-BRN-28-6234,A15-S6-B13
W1-WTF-BRN-28-6234,A15-S6-B13
W1-WTF-BRN-32-6236,A15-S6-B13
W1-WTF-BRN-32-6236,A15-S6-B13
W1-WTF-0-32-640,A15-S6-B14
W1-WTF-0-32-640,A15-S6-B14
W1-WTF-0-28-638,A15-S6-B14
W1-WTF-0-28-638,A15-S6-B14
W1-WTF-PRP-XXL-6132,A15-S6-B14
W1-WTF-PRP-XXL-6132,A15-S6-B14
W1-WTF-0-S-57,A15-S6-B14
W1-WTF-PRP-XXL-6132,A15-S6-B14
W1-WTF-PRP-XXL-6132,A15-S6-B14
W1-WTF-BLK-XS-6259,A15-S6-B14
W1-WTF-WHT-M-992,A16-S6-B11
W1-WTF-0-M-58,A16-S6-B11
W1-WTF-BLK-M-994,A16-S6-B11
W1-WTF-0-M-58,A16-S6-B11
W1-WTF-0-M-58,A16-S6-B11
W1-WTF-BLK-M-994,A16-S6-B11
W1-WTF-BLK-M-994,A16-S6-B11
W1-WTF-BLK-M-994,A16-S6-B11
W1-WTF-0-M-58,A16-S6-B11
W1-WTF-0-M-58,A16-S6-B11
W1-WTF-0-M-58,A16-S6-B11
W1-WTF-0-M-58,A16-S6-B11
W1-WTF-0-M-58,A16-S6-B11
W1-WTF-WHT-M-992,A16-S6-B11
W1-WTF-0-L-649,A16-S6-B11
W1-WTF-WHT-M-992,A16-S6-B12
W1-WTF-WHT-M-992,A16-S6-B12
W1-WTF-WHT-M-992,A16-S6-B12
W1-WTF-WHT-M-992,A16-S6-B12
W1-WTF-WHT-M-992,A16-S6-B12
W1-WTF-WHT-M-992,A16-S6-B12
W1-WTF-WHT-M-992,A16-S6-B12
W1-WTF-0-S-650,A16-S6-B12
W1-WTF-WHT-M-992,A16-S6-B12
W1-WTF-BLK-XXL-6143,A16-S6-B12
W1-WTF-BLK-XXL-6143,A16-S6-B12
W1-WTF-BLK-XS-6142,A16-S6-B12
W1-WTF-BLK-XS-6142,A16-S6-B12
W1-WTF-BLK-XS-6142,A16-S6-B12
W1-WTF-BLK-XS-6142,A16-S6-B12
W1-WTF-WHT-XXL-6146,A15-S6-B15
W1-WTF-BLK-S-993,A15-S6-B15
W1-WTF-BLK-S-993,A15-S6-B15
W1-WTF-BLK-S-993,A15-S6-B15
W1-WTF-BLK-S-993,A15-S6-B15
W1-WTF-BLK-S-993,A15-S6-B15
W1-WTF-BLK-S-993,A15-S6-B15
W1-WTF-0-S-650,A15-S6-B15
W1-WTF-WHT-XS-6144,A15-S6-B15
W1-WTF-WHT-XS-6144,A15-S6-B15
W1-WTF-0-L-649,A15-S6-B15
W1-WTF-0-L-649,A15-S6-B15
W1-WTF-0-L-649,A15-S6-B15
W1-WTF-0-L-649,A15-S6-B15
W1-WTF-0-L-649,A15-S6-B15
W1-WTF-BLK-XL-995,A16-S6-B13
W1-WTF-BLK-XL-995,A16-S6-B13
W1-WTF-0-L-648,A16-S6-B13
W1-WTF-0-L-648,A16-S6-B13
W1-WTF-0-L-648,A16-S6-B13
W1-WTF-0-S-57,A16-S6-B13
W1-WTF-0-S-57,A16-S6-B13
W1-WTF-0-L-648,A16-S6-B13
W1-WTF-0-L-648,A16-S6-B13
W1-WTF-0-L-648,A16-S6-B13
W1-WTF-BLK-M-994,A16-S6-B13
W1-WTF-BLK-M-994,A16-S6-B13
W1-WTF-0-L-649,A16-S6-B13
W1-WTF-0-L-649,A16-S6-B13
W1-WTF-0-S-57,A16-S6-B13
W1-WTF-0-XXL-6195,A15-S5-B15
W1-WTF-0-M-6192,A15-S5-B15
W1-WTF-0-XS-6190,A15-S5-B15
W1-WTF-0-XL-6194,A15-S5-B15
W1-WTF-0-L-6193,A15-S5-B15
W1-WTF-0-M-6192,A15-S5-B15
W1-WTF-GRN-XS-6151,A15-S2-B1
W1-WTF-0-L-4,A15-S2-B1
W1-WTF-PM-S-990,A15-S2-B1
W1-WTF-RED-XL-6149,A15-S2-B1
W1-WTF-RED-XXL-6150,A15-S2-B1
W1-WTF-PM-L-991,A15-S2-B1
W1-WTF-PM-L-991,A15-S2-B1
W1-WTF-PM-L-991,A15-S2-B1
W1-WTF-PM-L-991,A15-S2-B1
W1-WTF-PM-L-991,A15-S2-B1
W1-WTF-0-M-10,A15-S2-B1
W1-WTF-0-M-10,A15-S2-B1
W1-WTF-0-M-10,A15-S2-B1
W1-WTF-0-M-10,A15-S2-B1
W1-WTF-0-M-10,A15-S2-B1
W1-WTF-0-L-6193,A15-S5-B14
W1-WTF-0-S-6191,A15-S5-B14
W1-WTF-0-L-6193,A15-S5-B14
W1-WTF-0-M-6192,A15-S5-B14
W1-WTF-0-L-6193,A15-S5-B14
W1-WTF-0-XL-6200,A15-S5-B14
W1-WTF-0-XXL-6195,A15-S5-B13
W1-WTF-0-L-6187,A15-S5-B13
W1-WTF-0-M-6186,A15-S5-B13
W1-WTF-0-XS-6196,A15-S5-B13
W1-WTF-0-S-6197,A15-S5-B13
W1-WTF-0-M-6186,A15-S5-B13
W1-WTF-0-M-6186,A15-S5-B11
W1-WTF-0-L-6187,A15-S5-B11
W1-WTF-0-M-6192,A15-S5-B11
W1-WTF-0-S-6185,A15-S5-B11
W1-WTF-0-M-6186,A15-S5-B11
W1-WTF-0-XS-6190,A15-S5-B11
W1-WTF-0-S-6185,A15-S5-B12
W1-WTF-0-XL-6188,A15-S5-B12
W1-WTF-0-L-6199,A15-S5-B12
W1-WTF-0-XS-6184,A15-S5-B12
W1-WTF-0-XS-6196,A15-S5-B12
W1-WTF-0-XXL-6201,A15-S5-B12
W1-WTF-0-L-6187,A15-S5-B10
W1-WTF-0-XXL-6189,A15-S5-B10
W1-WTF-0-M-6198,A15-S5-B10
W1-WTF-0-XS-6184,A15-S5-B10
W1-WTF-0-M-6198,A15-S5-B10
W1-WTF-0-L-6187,A15-S5-B10
W1-WTF-PRP-XS-6129,A15-S5-B9
W1-WTF-HP-XS-6261,A15-S5-B9
W1-WTF-0-M-6198,A15-S5-B9
W1-WTF-0-XL-6188,A15-S5-B9
W1-WTF-0-L-6199,A15-S5-B9
W1-WTF-0-L-6199,A15-S5-B9
W1-WTF-0-M-6198,A16-S6-B14
W1-WTF-0-XXL-6201,A16-S6-B14
W1-WTF-0-S-6197,A16-S6-B14
W1-WTF-0-XL-6200,A16-S6-B14
W1-WTF-0-XL-6194,A16-S6-B14
WI-WTF-L-6199,A16-S6-B14
W1-WTF-0-S-6191,A16-S6-B14
W1-WTF-0-XXL-6189,A15-S5-B6
W1-WTF-0-XL-74,A15-S5-B6
W1-WTF-0-L-4,A15-S5-B6
W1-WTF-0-M-72,A15-S5-B6
W1-WTF-0-S-71,A15-S5-B6
W1-WTF-0-M-72,A15-S5-B6