,,,,,,,,,,,
,,BLOCK POOL TECHNOLOGIES PRIVATE LIMITED,,,,,,PURCHASE ORDER,,,
,,,,,,,,,,,
,,,,,,,,,,,
,,,,,,,,,,P.O. NUMBER,DATE
,,,,,,,,,,160525-001,16/05/2025
,,VENDOR,,,,,,,CUSTOMER,,
,,NAME,,,,BILLING DETAILS,,,NAME,,
,,Harsh Jha,,,,BLOCKPOOL TECHNOLOGIES PRIVATE LIMITED,,,Archit Nanda,,
,,COMPANY NAME,,,,GST - 27AAKCB8583E1ZB,,,COMPANY NAME,,
,,House of Koala Fashion Private Limited ,,,,"ADDRESS - VO-461 - WeWork NESCO IT Park, 10th Floor Building 4, Nesco IT Park, Western Express Highway, Goregaon (East) Mumbai, Maharashtra 400063
",,,Block Pool Technologies Private Limited,,
,,ADDRESS,,,,EMAIL ID - finance@slickapp.co                                                                        ,,,BILLING ADDRESS,,
,,"6176,Tower 6,Prestige Shantiniketan,Whitefield ,Bangalore 560048",,,,PAN - AAKCB8583E									,,,"VO-461 - WeWork NESCO IT Park, 10th Floor Building 4, Nesco IT Park, Western Express Highway, Goregaon (East) Mumbai, Maharashtra 400063	",,
,,,,,,,,,,,
,,PHONE,,,,,,,PHONE,,
,,‪+91 88600 75154‬,,,,,,,91 89802 26979,,
,,EMAIL ADDRESS,,,,,,,EMAIL ADDRESS,,
,,harsh@houseofkoala.com,,,,,,,finance@slickapp.co,,
,,SHIP FROM,,,,,,,SHIP TO,,
,,,,,,,,,"Godown No. Unit No. 8, Ground Floor, Shreepal Complex, Suren Road, Near WEH Metro station, Andheri East, Mumbai- 400093",,
,,,,,,,,,,,
,,,,,,,,,,,
,,,,,,,,,,,
,,Sno,Brand SKU Code,KNOT SKU Code,,Size,Colors,Quantity,Unit Price,Amount,
,,1,HOK-TEE-GREEN-LEAV-M,W1-HOK-0-M-4155,,M,0,2,599,1198,
,,2,HOK-TEE-GREEN-LEAV-L,W1-HOK-0-L-4156,,L,0,2,599,1198,
,,3,HOK-TEE-GREEN-LEAV-XL,W1-HOK-0-XL-4157,,XL,0,1,599,599,
,,4,HOK-TEE-WHITE-SATIN-L,W1-HOK-0-L-4158,,L,0,2,799,1598,
,,5,HOK-TEE-WHITE-SATIN-M,W1-HOK-0-M-4159,,M,0,1,799,799,
,,6,HOK-TEE-WHITE-SATIN-S,W1-HOK-0-S-4160,,S,0,1,799,799,
,,7,HOK-TEE-WHITE-SATIN-XL,W1-HOK-0-XL-4161,,XL,0,2,799,1598,
,,8,HOK-TEE-YELO-CHEST-S,W1-HOK-0-S-4162,,S,0,1,599,599,
,,9,HOK-TEE-YELO-CHEST-M,W1-HOK-0-M-4163,,M,0,2,599,1198,
,,10,HOK-TEE-YELO-CHEST-L,W1-HOK-0-L-4164,,L,0,2,599,1198,
,,11,HOK-TEE-WHITE-CHEST-S,W1-HOK-0-S-4165,,S,0,2,599,1198,
,,12,HOK-TEE-WHITE-CHEST-M,W1-HOK-0-M-4166,,M,0,4,599,2396,
,,13,HOK-TEE-WHITE-CHEST-L,W1-HOK-0-L-4167,,L,0,4,599,2396,
,,14,HOK-TEE-WHITE-CHEST-XL,W1-HOK-0-XL-4168,,XL,0,1,599,599,
,,15,HOK-TEE-BLU-CUST-L,W1-HOK-0-L-4169,,L,0,4,799,3196,
,,16,HOK-TEE-BLU-CUST-M,W1-HOK-0-M-4170,,M,0,4,799,3196,
,,17,HOK-TEE-BLU-CUST-S,W1-HOK-0-S-4171,,S,0,2,799,1598,
,,18,HOK-TEE-BLU-CUST-XL,W1-HOK-0-XL-4172,,XL,0,2,799,1598,
,,19,HOK-TEE-OL-ACST-L,W1-HOK-0-L-4173,,L,0,3,999,2997,
,,20,HOK-TEE-OL-ACST-M,W1-HOK-0-M-4174,,M,0,3,999,2997,
,,21,HOK-TEE-OL-ACST-S,W1-HOK-0-S-4175,,S,0,2,999,1998,
,,22,HOK-TEE-OL-ACST-XL,W1-HOK-0-XL-4176,,XL,0,2,999,1998,
,,23,HOK-TEE-BK-BOUCLE-L,W1-HOK-0-L-4177,,L,0,2,799,1598,
,,24,HOK-TEE-BK-BOUCLE-M,W1-HOK-0-M-4178,,M,0,2,799,1598,
,,25,HOK-TEE-BK-BOUCLE-XL,W1-HOK-0-XL-4179,,XL,0,1,799,799,
,,26,HOK-TEE-BK-CASET-S,W1-HOK-0-S-4180,,S,0,2,899,1798,
,,27,HOK-TEE-BK-CASET-M,W1-HOK-0-M-4181,,M,0,3,899,2697,
,,28,HOK-TEE-BK-CASET-L,W1-HOK-0-L-4182,,L,0,3,899,2697,
,,29,HOK-TEE-BK-CASET-XL,W1-HOK-0-XL-4183,,XL,0,2,899,1798,
,,30,HOK-TEE-WHITE-CASET-S,W1-HOK-0-S-4184,,S,0,2,899,1798,
,,31,HOK-TEE-WHITE-CASET-M,W1-HOK-0-M-4185,,M,0,3,899,2697,
,,32,HOK-TEE-WHITE-CASET-L,W1-HOK-0-L-4186,,L,0,3,899,2697,
,,33,HOK-TEE-WHITE-CASET-XL,W1-HOK-0-XL-4187,,XL,0,2,899,1798,
,,34,HOK-CARGOB-OLIVE-30,W1-HOK-0-30-4188,,30,0,2,1699,3398,
,,35,HOK-CARGOB-OLIVE-32,W1-HOK-0-32-4189,,32,0,4,1699,6796,
,,36,HOK-CARGOB-OLIVE-34,W1-HOK-0-34-4190,,34,0,4,1699,6796,
,,37,HOK-CARGOB-OLIVE-36,W1-HOK-0-36-4191,,36,0,2,1699,3398,
,,38,HOK-CARGOP-BK-30,W1-HOK-0-30-4192,,30,0,1,1299,1299,
,,39,HOK-CARGOP-BK-32,W1-HOK-0-32-4193,,32,0,2,1299,2598,
,,40,HOK-CARGOP-BK-34,W1-HOK-0-34-4194,,34,0,2,1299,2598,
,,41,HOK-CARGOP-BK-36,W1-HOK-0-36-4195,,36,0,1,1299,1299,
,,42,HOK-CARGOD-NY-30,W1-HOK-0-30-4196,,30,0,1,1599,1599,
,,43,HOK-CARGOD-NY-32,W1-HOK-0-32-4197,,32,0,2,1599,3198,
,,44,HOK-CARGOD-NY-34,W1-HOK-0-34-4198,,34,0,2,1599,3198,
,,45,HOK-CARGOD-NY-36,W1-HOK-0-36-4199,,36,0,1,1599,1599,
,,46,LP-Z-RUST-L,W1-HOK-0-L-4200,,L,0,2,799,1598,
,,47,LP-Z-RUST-M,W1-HOK-0-M-4201,,M,0,2,799,1598,
,,48,LP-Z-RUST-S,W1-HOK-0-S-4202,,S,0,1,799,799,
,,49,LP-Z-RUST-XL,W1-HOK-0-XL-4203,,XL,0,1,799,799,
,,50,HOK-CARGOB-GREY-30,W1-HOK-0-30-4204,,30,0,2,1799,3598,
,,51,HOK-CARGOB-GREY-32,W1-HOK-0-32-4205,,32,0,4,1799,7196,
,,52,HOK-CARGOB-GREY-34,W1-HOK-0-34-4206,,34,0,4,1799,7196,
,,53,HOK-CARGOB-GREY-36,W1-HOK-0-36-4207,,36,0,2,1799,3598,
,,54,HOK-CARGOP-OLV-30,W1-HOK-0-30-4208,,30,0,1,1299,1299,
,,55,HOK-CARGOP-OLV-32,W1-HOK-0-32-4209,,32,0,2,1299,2598,
,,56,HOK-CARGOP-OLV-34,W1-HOK-0-34-4210,,34,0,2,1299,2598,
,,57,HOK-CARGOP-OLV-36,W1-HOK-0-36-4211,,36,0,1,1299,1299,
,,58,HOK-CARGOD-BKC-28,W1-HOK-0-28-4212,,28,0,1,1699,1699,
,,59,HOK-CARGOD-BKC-30,W1-HOK-0-30-4213,,30,0,2,1699,3398,
,,60,HOK-CARGOD-BKC-32,W1-HOK-0-32-4214,,32,0,2,1699,3398,
,,61,HOK-CARGOD-BKC-36,W1-HOK-0-36-4215,,36,0,1,1699,1699,
,,62,HOK-CARGOKB-CL-28,W1-HOK-0-28-4216,,28,0,1,1299,1299,
,,63,HOK-CARGOKB-CL-30,W1-HOK-0-30-4217,,30,0,2,1299,2598,
,,64,HOK-CARGOKB-CL-32,W1-HOK-0-32-4218,,32,0,2,1299,2598,
,,65,HOK-CARGOKB-CL-34,W1-HOK-0-34-4219,,34,0,1,1299,1299,
,,66,HOK-CARGOSC-BLK-28,W1-HOK-0-28-4220,,28,0,1,1399,1399,
,,67,HOK-CARGOSC-BLK-30,W1-HOK-0-30-4221,,30,0,2,1399,2798,
,,68,HOK-CARGOSC-BLK-32,W1-HOK-0-32-4222,,32,0,2,1399,2798,
,,69,HOK-CARGOSC-BLK-34,W1-HOK-0-34-4223,,34,0,1,1399,1399,
,,70,HOK-PANTKP-KW-30,W1-HOK-0-30-4224,,30,0,1,899,899,
,,71,HOK-PANTKP-KW-32,W1-HOK-0-32-4225,,32,0,2,899,1798,
,,72,HOK-PANTKP-KW-34,W1-HOK-0-34-4226,,34,0,2,899,1798,
,,73,HOK-PANTKP-KW-36,W1-HOK-0-36-4227,,36,0,1,899,899,
,,74,HOK-PANTKP-SGRY-30,W1-HOK-0-30-4228,,30,0,1,899,899,
,,75,HOK-PANTKP-SGRY-32,W1-HOK-0-32-4229,,32,0,2,899,1798,
,,76,HOK-PANTKP-SGRY-34,W1-HOK-0-34-4230,,34,0,2,899,1798,
,,77,HOK-PANTKP-SGRY-36,W1-HOK-0-36-4231,,36,0,1,899,899,
,,78,HOK-CARGOB-BK-30,W1-HOK-0-30-4232,,30,0,1,1699,1699,
,,79,HOK-CARGOB-BK-32,W1-HOK-0-32-4233,,32,0,2,1699,3398,
,,80,HOK-CARGOB-BK-34,W1-HOK-0-34-4234,,34,0,2,1699,3398,
,,81,HOK-CARGOB-BK-36,W1-HOK-0-36-4235,,36,0,1,1699,1699,
,,82,HOK-CARGOP-OR-28,W1-HOK-0-28-4236,,28,0,1,1199,1199,
,,83,HOK-CARGOP-OR-30,W1-HOK-0-30-4237,,30,0,2,1199,2398,
,,84,HOK-CARGOP-OR-32,W1-HOK-0-32-4238,,32,0,1,1199,1199,
,,85,HOK-CARGOB-KH-30,W1-HOK-0-30-4239,,30,0,1,1699,1699,
,,86,HOK-CARGOB-KH-32,W1-HOK-0-32-4240,,32,0,2,1699,3398,
,,87,HOK-CARGOB-KH-34,W1-HOK-0-34-4241,,34,0,2,1699,3398,
,,88,HOK-CARGOB-KH-36,W1-HOK-0-36-4242,,36,0,1,1699,1699,
,,89,HOK-CARGOSC-GRY-28,W1-HOK-0-28-4243,,28,0,1,1099,1099,
,,90,HOK-CARGOSC-GRY-30,W1-HOK-0-30-4244,,30,0,2,1099,2198,
,,91,HOK-CARGOSC-GRY-32,W1-HOK-0-32-4245,,32,0,2,1099,2198,
,,92,HOK-CARGOSC-GRY-34,W1-HOK-0-34-4246,,34,0,1,1099,1099,
,,93,HOK-CARGOP-WH-28,W1-HOK-0-28-4247,,28,0,1,1199,1199,
,,94,HOK-CARGOP-WH-30,W1-HOK-0-30-4248,,30,0,2,1199,2398,
,,95,HOK-CARGOP-WH-32,W1-HOK-0-32-4249,,32,0,2,1199,2398,
,,96,HOK-CARGOP-WH-34,W1-HOK-0-34-4250,,34,0,1,1199,1199,
,,97,LP-KH-PK-L,W1-HOK-0-L-4251,,L,0,2,799,1598,
,,98,LP-KH-PK-M,W1-HOK-0-M-4252,,M,0,2,799,1598,
,,99,LP-KH-PK-S,W1-HOK-0-S-4253,,S,0,1,799,799,
,,100,LP-KH-PK-XL,W1-HOK-0-XL-4254,,XL,0,1,799,799,
,,101,HOK-CARGOP-GRY-28,W1-HOK-0-28-4255,,28,0,1,1299,1299,
,,102,HOK-CARGOP-GRY-30,W1-HOK-0-30-4256,,30,0,2,1299,2598,
,,103,HOK-CARGOP-GRY-32,W1-HOK-0-32-4257,,32,0,2,1299,2598,
,,104,HOK-CARGOD-GREY-30,W1-HOK-0-30-4258,,30,0,1,1599,1599,
,,105,HOK-CARGOD-GREY-32,W1-HOK-0-32-4259,,32,0,2,1599,3198,
,,106,HOK-CARGOD-GREY-34,W1-HOK-0-34-4260,,34,0,1,1599,1599,
,,107,HOK-CARGOD-GREY-36,W1-HOK-0-36-4261,,36,0,1,1599,1599,
,,108,LPH-BL-30,W1-HOK-0-30-4262,,30,0,1,1199,1199,
,,109,LPH-BL-32,W1-HOK-0-32-4263,,32,0,2,1199,2398,
,,110,LPH-BL-34,W1-HOK-0-34-4264,,34,0,2,1199,2398,
,,111,LPH-BL-36,W1-HOK-0-36-4265,,36,0,1,1199,1199,
,,112,HOK-CARGOP-OGRY-30,W1-HOK-0-30-4266,,30,0,1,1299,1299,
,,113,HOK-CARGOP-OGRY-32,W1-HOK-0-32-4267,,32,0,2,1299,2598,
,,114,HOK-CARGOP-OGRY-34,W1-HOK-0-34-4268,,34,0,2,1299,2598,
,,115,HOK-CARGOP-OGRY-36,W1-HOK-0-36-4269,,36,0,1,1299,1299,
,,116,KP-GR-30,W1-HOK-0-30-4270,,30,0,1,1399,1399,
,,117,KP-GR-32,W1-HOK-0-32-4271,,32,0,2,1399,2798,
,,118,KP-GR-34,W1-HOK-0-34-4272,,34,0,2,1399,2798,
,,119,KP-GR-36,W1-HOK-0-36-4273,,36,0,1,1399,1399,
,,120,KP-BE-30,W1-HOK-0-30-4274,,30,0,1,1399,1399,
,,121,KP-BE-32,W1-HOK-0-32-4275,,32,0,2,1399,2798,
,,122,KP-BE-34,W1-HOK-0-34-4276,,34,0,2,1399,2798,
,,123,KP-BE-36,W1-HOK-0-36-4277,,36,0,1,1399,1399,
,,124,KP-SG-30,W1-HOK-0-30-4278,,30,0,1,1399,1399,
,,125,KP-SG-32,W1-HOK-0-32-4279,,32,0,2,1399,2798,
,,126,KP-SG-34,W1-HOK-0-34-4280,,34,0,2,1399,2798,
,,127,KP-SG-36,W1-HOK-0-36-4281,,36,0,1,1399,1399,
,,128,KP-WN-30,W1-HOK-0-30-4282,,30,0,1,1399,1399,
,,129,KP-WN-32,W1-HOK-0-32-4283,,32,0,2,1399,2798,
,,130,KP-WN-34,W1-HOK-0-34-4284,,34,0,2,1399,2798,
,,131,KP-BK-30,W1-HOK-0-30-4285,,30,0,1,1399,1399,
,,132,KP-BK-32,W1-HOK-0-32-4286,,32,0,2,1399,2798,
,,133,KP-BK-34,W1-HOK-0-34-4287,,34,0,2,1399,2798,
,,134,KP-BK-36,W1-HOK-0-36-4288,,36,0,1,1399,1399,
,,135,KP-OG-30,W1-HOK-0-30-4289,,30,0,1,1399,1399,
,,136,KP-OG-32,W1-HOK-0-32-4290,,32,0,1,1399,1399,
,,137,KP-OG-34,W1-HOK-0-34-4291,,34,0,1,1399,1399,
,,138,HOK-KSO-WH-30,W1-HOK-0-30-4292,,30,0,1,799,799,
,,139,HOK-KSO-WH-32,W1-HOK-0-32-4293,,32,0,2,799,1598,
,,140,HOK-KSO-WH-34,W1-HOK-0-34-4294,,34,0,2,799,1598,
,,141,HOK-KSO-WH-36,W1-HOK-0-36-4295,,36,0,1,799,799,
,,142,HOK-CARGOP-DW-30,W1-HOK-0-30-4296,,30,0,1,999,999,
,,143,HOK-CARGOP-DW-32,W1-HOK-0-32-4297,,32,0,2,999,1998,
,,144,HOK-CARGOP-DW-34,W1-HOK-0-34-4298,,34,0,1,999,999,
,,145,HOK-CARGOP-DW-36,W1-HOK-0-36-4299,,36,0,1,999,999,
,,146,HOK-KSB-BE-30,W1-HOK-0-30-4300,,30,0,1,799,799,
,,147,HOK-KSB-BE-32,W1-HOK-0-32-4301,,32,0,2,799,1598,
,,148,HOK-KSB-BE-34,W1-HOK-0-34-4302,,34,0,2,799,1598,
,,149,HOK-KSB-BE-36,W1-HOK-0-36-4303,,36,0,1,799,799,
,,150,HOK-KSB-WH-28,W1-HOK-0-28-4304,,28,0,2,799,1598,
,,151,HOK-KSB-WH-30,W1-HOK-0-30-4305,,30,0,2,799,1598,
,,152,HOK-KSB-WH-32,W1-HOK-0-32-4306,,32,0,4,799,3196,
,,153,HOK-KSB-WH-34,W1-HOK-0-34-4307,,34,0,4,799,3196,
,,154,HOK-KST1-BLK-30,W1-HOK-0-30-4308,,30,0,2,749,1498,
,,155,HOK-KST1-BLK-32,W1-HOK-0-32-4309,,32,0,4,749,2996,
,,156,HOK-KST1-BLK-34,W1-HOK-0-34-4310,,34,0,4,749,2996,
,,157,HOK-KST1-BLK-36,W1-HOK-0-36-4311,,36,0,2,749,1498,
,,158,HOK-SH-KHS-PH-L,W1-HOK-0-L-4312,,L,0,2,1099,2198,
,,159,HOK-SH-KHS-PH-M,W1-HOK-0-M-4313,,M,0,2,1099,2198,
,,160,HOK-SH-KHS-PH-S,W1-HOK-0-S-4314,,S,0,1,1099,1099,
,,161,HOK-SH-KHS-PH-XL,W1-HOK-0-XL-4315,,XL,0,1,1099,1099,
,,162,HOK-SHIRT-FLMIX-L,W1-HOK-0-L-4316,,L,0,2,799,1598,
,,163,HOK-SHIRT-FLMIX-M,W1-HOK-0-M-4317,,M,0,2,799,1598,
,,164,HOK-SHIRT-FLMIX-S,W1-HOK-0-S-4318,,S,0,1,799,799,
,,165,HOK-SH-Z-LE-S,W1-HOK-0-S-4319,,S,0,1,1199,1199,
,,166,HOK-SH-Z-LE-M,W1-HOK-0-M-4320,,M,0,1,1199,1199,
,,167,HOK-SH-Z-LE-L,W1-HOK-0-L-4321,,L,0,2,1199,2398,
,,168,HOK-SH-Z-LE-XL,W1-HOK-0-XL-4322,,XL,0,1,1199,1199,
,,169,HOK-SH-CS-BE-L,W1-HOK-0-L-4323,,L,0,2,799,1598,
,,170,HOK-SH-CS-BE-M,W1-HOK-0-M-4324,,M,0,2,799,1598,
,,171,HOK-SH-CS-BE-S,W1-HOK-0-S-4325,,S,0,1,799,799,
,,172,HOK-SH-CS-BE-XL,W1-HOK-0-XL-4326,,XL,0,1,799,799,
,,173,HOK-SHIRT-BWAB-S,W1-HOK-0-S-4327,,S,0,1,999,999,
,,174,HOK-SHIRT-BWAB-M,W1-HOK-0-M-4328,,M,0,2,999,1998,
,,175,HOK-SHIRT-BWAB-L,W1-HOK-0-L-4329,,L,0,2,999,1998,
,,176,HOK-SHIRT-BWAB-XL,W1-HOK-0-XL-4330,,XL,0,1,999,999,
,,177,HOK-SHIRT-PAISLEY-L,W1-HOK-0-L-4331,,L,0,2,999,1998,
,,178,HOK-SHIRT-PAISLEY-M,W1-HOK-0-M-4332,,M,0,2,999,1998,
,,179,HOK-SHIRT-PAISLEY-S,W1-HOK-0-S-4333,,S,0,1,999,999,
,,180,HOK-SHIRT-PAISLEY-XL,W1-HOK-0-XL-4334,,XL,0,1,999,999,
,,181,HOK-SHIRT-GAQUA-L,W1-HOK-0-L-4335,,L,0,2,999,1998,
,,182,HOK-SHIRT-GAQUA-M,W1-HOK-0-M-4336,,M,0,2,999,1998,
,,183,HOK-SHIRT-GAQUA-XL,W1-HOK-0-XL-4337,,XL,0,1,999,999,
,,184,HOK-SH-CR-LE-L,W1-HOK-0-L-4338,,L,0,2,1099,2198,
,,185,HOK-SH-CR-LE-M,W1-HOK-0-M-4339,,M,0,2,1099,2198,
,,186,HOK-SH-CR-LE-XXL,W1-HOK-0-XXL-4340,,XXL,0,1,1099,1099,
,,187,HOK-SHIRT-TILE-L,W1-HOK-0-L-4341,,L,0,1,999,999,
,,188,HOK-SHIRT-TILE-M,W1-HOK-0-M-4342,,M,0,2,999,1998,
,,189,HOK-SHIRT-TILE-S,W1-HOK-0-S-4343,,S,0,1,999,999,
,,190,HOK-SHIRT-TILE-XL,W1-HOK-0-XL-4344,,XL,0,1,999,999,
,,191,HOK-SH-CR-OW-L,W1-HOK-0-L-4345,,L,0,4,1099,4396,
,,192,HOK-SH-CR-OW-M,W1-HOK-0-M-4346,,M,0,4,1099,4396,
,,193,HOK-SH-CR-OW-S,W1-HOK-0-S-4347,,S,0,2,1099,2198,
,,194,HOK-SH-CR-OW-XL,W1-HOK-0-XL-4348,,XL,0,2,1099,2198,
,,195,HOK-SHIRT-MCLR-L,W1-HOK-0-L-4349,,L,0,2,999,1998,
,,196,HOK-SHIRT-MCLR-M,W1-HOK-0-M-4350,,M,0,2,999,1998,
,,197,HOK-SHIRT-MCLR-S,W1-HOK-0-S-4351,,S,0,1,999,999,
,,198,HOK-SHIRT-FLORAL-L,W1-HOK-0-L-4352,,L,0,2,799,1598,
,,199,HOK-SHIRT-FLORAL-M,W1-HOK-0-M-4353,,M,0,2,799,1598,
,,200,HOK-SHIRT-FLORAL-S,W1-HOK-0-S-4354,,S,0,1,799,799,
,,201,HOK-SHIRT-AFLW-S,W1-HOK-0-S-4355,,S,0,1,899,899,
,,202,HOK-SHIRT-AFLW-M,W1-HOK-0-M-4356,,M,0,2,899,1798,
,,203,HOK-SHIRT-AFLW-L,W1-HOK-0-L-4357,,L,0,2,899,1798,
,,204,HOK-SHIRT-AFLW-XL,W1-HOK-0-XL-4358,,XL,0,1,899,899,
,,205,HOK-SHIRT-SABS-L,W1-HOK-0-L-4359,,L,0,2,999,1998,
,,206,HOK-SHIRT-SABS-M,W1-HOK-0-M-4360,,M,0,2,999,1998,
,,207,HOK-SHIRT-SABS-S,W1-HOK-0-S-4361,,S,0,1,999,999,
,,208,HOK-SHIRT-SABS-XL,W1-HOK-0-XL-4362,,XL,0,1,999,999,
,,209,HOK-SH-CR-BK-L,W1-HOK-0-L-4363,,L,0,2,999,1998,
,,210,HOK-SH-CR-BK-M,W1-HOK-0-M-4364,,M,0,2,999,1998,
,,211,HOK-SH-CR-BK-S,W1-HOK-0-S-4365,,S,0,1,999,999,
,,212,HOK-SH-CR-BK-XL,W1-HOK-0-XL-4366,,XL,0,1,999,999,
,,213,HOK-SH-PCBD-L,W1-HOK-0-L-4367,,L,0,2,899,1798,
,,214,HOK-SH-PCBD-M,W1-HOK-0-M-4368,,M,0,2,899,1798,
,,215,HOK-SH-PCBD-XL,W1-HOK-0-XL-4369,,XL,0,1,899,899,
,,216,HOK-SH-PCBW-L,W1-HOK-0-L-4370,,L,0,2,899,1798,
,,217,HOK-SH-PCBW-M,W1-HOK-0-M-4371,,M,0,2,899,1798,
,,218,HOK-SH-PCBW-XL,W1-HOK-0-XL-4372,,XL,0,1,899,899,
,,219,HOK-SH-CR-NY-XL,W1-HOK-0-XL-4373,,XL,0,1,999,999,
,,220,HOK-SH-CR-NY-L,W1-HOK-0-L-4374,,L,0,2,999,1998,
,,221,HOK-SH-CR-NY-M,W1-HOK-0-M-4375,,M,0,2,999,1998,
,,222,HOK-SH-CR-NY-S,W1-HOK-0-S-4376,,S,0,1,999,999,
,,223,HOK-KRN-BLST-L,W1-HOK-0-L-4377,,L,0,2,699,1398,
,,224,HOK-KRN-BLST-M,W1-HOK-0-M-4378,,M,0,2,699,1398,
,,225,HOK-KRN-BLST-S,W1-HOK-0-S-4379,,S,0,1,699,699,
,,226,HOK-KRN-BLST-XL,W1-HOK-0-XL-4380,,XL,0,1,699,699,
,,227,HOK-KRN-WHB-L,W1-HOK-0-L-4381,,L,0,2,699,1398,
,,228,HOK-KRN-WHB-M,W1-HOK-0-M-4382,,M,0,2,699,1398,
,,229,HOK-KRN-WHB-S,W1-HOK-0-S-4383,,S,0,1,699,699,
,,230,HOK-KRN-WHB-XL,W1-HOK-0-XL-4384,,XL,0,1,699,699,
,,231,HOK-KSB-WH-28,W1-HOK-0-28-4385,,28,0,1,699,699,
,,232,HOK-KSB-WH-30,W1-HOK-0-30-4386,,30,0,2,699,1398,
,,233,HOK-KSB-WH-32,W1-HOK-0-32-4387,,32,0,2,699,1398,
,,234,HOK-KSB-WH-34,W1-HOK-0-34-4388,,34,0,1,699,699,
,,235,HOK-KSO-MM-28,W1-HOK-0-28-4389,,28,0,1,699,699,
,,236,HOK-KSO-MM-30,W1-HOK-0-30-4390,,30,0,2,699,1398,
,,237,HOK-KSO-MM-32,W1-HOK-0-32-4391,,32,0,2,699,1398,
,,238,HOK-KSO-MM-34,W1-HOK-0-34-4392,,34,0,1,699,699,
,,239,HOK-KRN-MMO-L,W1-HOK-0-L-4393,,L,0,2,699,1398,
,,240,HOK-KRN-MMO-M,W1-HOK-0-M-4394,,M,0,2,699,1398,
,,241,HOK-KRN-MMO-S,W1-HOK-0-S-4395,,S,0,1,699,699,
,,242,HOK-KRN-MMO-XL,W1-HOK-0-XL-4396,,XL,0,1,699,699,
,,243,HOK-SS-BG-L,W1-HOK-0-L-4397,,L,0,2,999,1998,
,,244,HOK-SS-BG-M,W1-HOK-0-M-4398,,M,0,2,999,1998,
,,245,HOK-SS-BG-XL,W1-HOK-0-XL-4399,,XL,0,1,999,999,
,,246,HOK-SH-BLUEAB-L,W1-HOK-0-L-4400,,L,0,2,899,1798,
,,247,HOK-SH-BLUEAB-M,W1-HOK-0-M-4401,,M,0,2,899,1798,
,,248,HOK-SH-BLUEAB-S,W1-HOK-0-S-4402,,S,0,1,899,899,
,,249,HOK-SH-BLUEAB-XL,W1-HOK-0-XL-4403,,XL,0,1,899,899,
,,250,HOK-SH-KHS-PK-L,W1-HOK-0-L-4404,,L,0,2,799,1598,
,,251,HOK-SH-KHS-PK-M,W1-HOK-0-M-4405,,M,0,2,799,1598,
,,252,HOK-SH-KHS-PK-S,W1-HOK-0-S-4406,,S,0,1,799,799,
,,253,HOK-SH-KHS-PK-XL,W1-HOK-0-XL-4407,,XL,0,1,799,799,
,,254,HOK-S-PAISLEY-30,W1-HOK-0-30-4408,,30,0,1,799,799,
,,255,HOK-S-PAISLEY-32,W1-HOK-0-32-4409,,32,0,2,799,1598,
,,256,HOK-S-PAISLEY-34,W1-HOK-0-34-4410,,34,0,2,799,1598,
,,257,HOK-S-PAISLEY-36,W1-HOK-0-36-4411,,36,0,1,799,799,
,,258,LPH-B-30,W1-HOK-0-30-4412,,30,0,1,1199,1199,
,,259,LPH-B-32,W1-HOK-0-32-4413,,32,0,2,1199,2398,
,,260,LPH-B-34,W1-HOK-0-34-4414,,34,0,2,1199,2398,
,,261,LPH-B-36,W1-HOK-0-36-4415,,36,0,1,1199,1199,
,,262,D-PC-M-30,W1-HOK-0-30-4416,,30,0,1,1499,1499,
,,263,D-PC-M-32,W1-HOK-0-32-4417,,32,0,2,1499,2998,
,,264,D-PC-M-34,W1-HOK-0-34-4418,,34,0,2,1499,2998,
,,265,D-PC-M-36,W1-HOK-0-36-4419,,36,0,1,1499,1499,
,,266,G-SH-BE-L,W1-HOK-0-L-4420,,L,0,2,999,1998,
,,267,G-SH-BE-M,W1-HOK-0-M-4421,,M,0,2,999,1998,
,,268,G-SH-BE-S,W1-HOK-0-S-4422,,S,0,1,999,999,
,,269,G-SH-BE-XL,W1-HOK-0-XL-4423,,XL,0,1,999,999,
,,270,HOK-KRN-GYT2-L,W1-HOK-0-L-4424,,L,0,2,699,1398,
,,271,HOK-KRN-GYT2-M,W1-HOK-0-M-4425,,M,0,2,699,1398,
,,272,HOK-KRN-GYT2-S,W1-HOK-0-S-4426,,S,0,1,699,699,
,,273,HOK-KRN-GYT2-XL,W1-HOK-0-XL-4427,,XL,0,1,699,699,
,,274,KP-BLT2-S,W1-HOK-0-S-4428,,S,0,1,999,999,
,,275,KP-BLT2-M,W1-HOK-0-M-4429,,M,0,2,999,1998,
,,276,KP-BLT2-L,W1-HOK-0-L-4430,,L,0,2,999,1998,
,,277,KP-BLT2-XL,W1-HOK-0-XL-4431,,XL,0,1,999,999,
,,278,KP-OST-S,W1-HOK-0-S-4432,,S,0,1,999,999,
,,279,KP-OST-M,W1-HOK-0-M-4433,,M,0,2,999,1998,
,,280,KP-OST-L,W1-HOK-0-L-4434,,L,0,2,999,1998,
,,281,KP-OST-XL,W1-HOK-0-XL-4435,,XL,0,1,999,999,
,,282,KP-GYO-S,W1-HOK-0-S-4436,,S,0,1,999,999,
,,283,KP-GYO-M,W1-HOK-0-M-4437,,M,0,2,999,1998,
,,284,KP-GYO-L,W1-HOK-0-L-4438,,L,0,2,999,1998,
,,285,KP-GYO-XL,W1-HOK-0-XL-4439,,XL,0,1,999,999,
,,286,KP-WHT2-S,W1-HOK-0-S-4440,,S,0,1,999,999,
,,287,KP-WHT2-M,W1-HOK-0-M-4441,,M,0,2,999,1998,
,,288,KP-WHT2-L,W1-HOK-0-L-4442,,L,0,2,999,1998,
,,289,KP-WHT2-XL,W1-HOK-0-XL-4443,,XL,0,1,999,999,
,,290,HOK-SHIRT-CONCH-L,W1-HOK-0-L-4444,,L,0,2,999,1998,
,,291,HOK-SHIRT-CONCH-M,W1-HOK-0-M-4445,,M,0,2,999,1998,
,,292,HOK-SHIRT-CONCH-S,W1-HOK-0-S-4446,,S,0,1,999,999,
,,293,KV-BLT1-L,W1-HOK-0-L-4447,,L,0,2,799,1598,
,,294,KV-BLT1-M,W1-HOK-0-M-4448,,M,0,2,799,1598,
,,295,KV-BLT1-S,W1-HOK-0-S-4449,,S,0,1,799,799,
,,296,KV-BLT1-XL,W1-HOK-0-XL-4450,,XL,0,1,799,799,
,,297,KV-WHO-L,W1-HOK-0-L-4451,,L,0,2,799,1598,
,,298,KV-WHO-M,W1-HOK-0-M-4452,,M,0,2,799,1598,
,,299,KV-WHO-S,W1-HOK-0-S-4453,,S,0,1,799,799,
,,300,KV-WHO-XL,W1-HOK-0-XL-4454,,XL,0,1,799,799,
,,301,KV-GYST-L,W1-HOK-0-L-4455,,L,0,2,799,1598,
,,302,KV-GYST-M,W1-HOK-0-M-4456,,M,0,2,799,1598,
,,303,KV-GYST-S,W1-HOK-0-S-4457,,S,0,1,799,799,
,,304,KV-GYST-XL,W1-HOK-0-XL-4458,,XL,0,1,799,799,
,,305,HOK-S-SABS-30,W1-HOK-0-30-4459,,30,0,1,699,699,
,,306,HOK-S-SABS-32,W1-HOK-0-32-4460,,32,0,2,699,1398,
,,307,HOK-S-SABS-34,W1-HOK-0-34-4461,,34,0,2,699,1398,
,,308,HOK-S-SABS-36,W1-HOK-0-36-4462,,36,0,1,699,699,
,,309,LP-Z-BEEB-L,W1-HOK-0-L-4463,,L,0,1,999,999,
,,310,LP-Z-BEEB-M,W1-HOK-0-M-4464,,M,0,1,999,999,
,,311,LP-Z-BEEB-XXL,W1-HOK-0-XXL-4465,,XXL,0,1,999,999,
,,312,LP-Z-BEEB-XL,W1-HOK-0-XL-4466,,XL,0,1,999,999,
,,313,HOK-SH-Z-GYEB-L,W1-HOK-0-L-4467,,L,0,2,1099,2198,
,,314,HOK-SH-Z-GYEB-M,W1-HOK-0-M-4468,,M,0,2,1099,2198,
,,315,HOK-SH-Z-GYEB-S,W1-HOK-0-S-4469,,S,0,1,1099,1099,
,,316,HOK-SH-Z-GYEB-XL,W1-HOK-0-XL-4470,,XL,0,1,1099,1099,
,,317,LP-Z-GYST-L,W1-HOK-0-L-4471,,L,0,1,999,999,
,,318,LP-Z-GYST-M,W1-HOK-0-M-4472,,M,0,1,999,999,
,,319,LP-Z-GYST-S,W1-HOK-0-S-4473,,S,0,1,999,999,
,,320,LP-Z-GYST-XL,W1-HOK-0-XL-4474,,XL,0,1,999,999,
,,321,HOK-CARGOP-DP-28,W1-HOK-0-28-4475,,28,0,1,999,999,
,,322,HOK-CARGOP-DP-30,W1-HOK-0-30-4476,,30,0,2,999,1998,
,,323,HOK-CARGOP-DP-32,W1-HOK-0-32-4477,,32,0,2,999,1998,
,,324,HOK-CARGOP-CL-28,W1-HOK-0-28-4478,,28,0,1,999,999,
,,325,HOK-CARGOP-CL-30,W1-HOK-0-30-4479,,30,0,2,999,1998,
,,326,HOK-CARGOP-CL-32,W1-HOK-0-32-4480,,32,0,2,999,1998,
,,327,HOK-CARGOP-CL-34,W1-HOK-0-34-4481,,34,0,1,999,999,
,,328,HOK-KTP-MMT1-28,W1-HOK-0-28-4482,,28,0,1,999,999,
,,329,HOK-KTP-MMT1-30,W1-HOK-0-30-4483,,30,0,2,999,1998,
,,330,HOK-KTP-MMT1-32,W1-HOK-0-32-4484,,32,0,2,999,1998,
,,331,HOK-KTP-MMT1-34,W1-HOK-0-34-4485,,34,0,1,999,999,
,,332,HOK-CARGOCDC-GRY-28,W1-HOK-0-28-4486,,28,0,1,999,999,
,,333,HOK-CARGOCDC-GRY-30,W1-HOK-0-30-4487,,30,0,2,999,1998,
,,334,HOK-CARGOCDC-GRY-32,W1-HOK-0-32-4488,,32,0,2,999,1998,
,,335,HOK-CARGOCDC-GRY-34,W1-HOK-0-34-4489,,34,0,1,999,999,
,,336,HOK-TEE-KBOXBK-L,W1-HOK-0-L-4490,,L,0,1,899,899,
,,337,HOK-TEE-KBOXBK-M,W1-HOK-0-M-4491,,M,0,3,899,2697,
,,338,HOK-TEE-KBOXBK-S,W1-HOK-0-S-4492,,S,0,3,899,2697,
,,339,HOK-TEE-KBOXBK-XL,W1-HOK-0-XL-4493,,XL,0,2,899,1798,
,,340,HOK-SH-CR-BN-L,W1-HOK-0-L-4494,,L,0,2,999,1998,
,,341,HOK-SH-CR-BN-M,W1-HOK-0-M-4495,,M,0,3,999,2997,
,,342,HOK-SH-CR-BN-S,W1-HOK-0-S-4496,,S,0,2,999,1998,
,,343,HOK-SH-CR-BN-XL,W1-HOK-0-XL-4497,,XL,0,1,999,999,
,,344,HOK-S-ORPINE-28,W1-HOK-0-28-4498,,28,0,1,899,899,
,,345,HOK-S-ORPINE-30,W1-HOK-0-30-4499,,30,0,2,899,1798,
,,346,HOK-S-ORPINE-32,W1-HOK-0-32-4500,,32,0,2,899,1798,
,,347,HOK-S-ORPINE-34,W1-HOK-0-34-4501,,34,0,1,899,899,
,,348,HOK-SH-ORPINE-S,W1-HOK-0-S-4502,,S,0,1,699,699,
,,349,HOK-SH-ORPINE-M,W1-HOK-0-M-4503,,M,0,2,699,1398,
,,350,HOK-SH-ORPINE-L,W1-HOK-0-L-4504,,L,0,2,699,1398,
,,351,HOK-SH-ORPINE-XL,W1-HOK-0-XL-4505,,XL,0,1,699,699,
,,352,HOK-SH-PCMW-L,W1-HOK-0-L-4506,,L,0,2,899,1798,
,,353,HOK-SH-PCMW-M,W1-HOK-0-M-4507,,M,0,2,899,1798,
,,354,HOK-SH-PCMW-S,W1-HOK-0-S-4508,,S,0,1,899,899,
,,355,HOK-SH-PCMW-XL,W1-HOK-0-XL-4509,,XL,0,1,899,899,
,,356,HOK-SH-KF-SG-L,W1-HOK-0-L-4510,,L,0,2,999,1998,
,,357,HOK-SH-KF-SG-M,W1-HOK-0-M-4511,,M,0,2,999,1998,
,,358,HOK-SH-KF-SG-S,W1-HOK-0-S-4512,,S,0,1,999,999,
,,359,HOK-SH-KF-SG-XXL,W1-HOK-0-XXL-4513,,XXL,0,1,999,999,
,,360,HOK-CARGOP-BEIGE-30,W1-HOK-0-30-4514,,30,0,1,1299,1299,
,,361,HOK-CARGOP-BEIGE-32,W1-HOK-0-32-4515,,32,0,2,1299,2598,
,,362,HOK-CARGOP-BEIGE-34,W1-HOK-0-34-4516,,34,0,2,1299,2598,
,,363,HOK-CARGOP-BEIGE-36,W1-HOK-0-36-4517,,36,0,1,1299,1299,
,,364,HOK-SS-GR-L,W1-HOK-0-L-4518,,L,0,2,999,1998,
,,365,HOK-SS-GR-M,W1-HOK-0-M-4519,,M,0,2,999,1998,
,,366,HOK-SS-GN-XL,W1-HOK-0-XL-4520,,XL,0,1,999,999,
,,367,HOK-SH-BB-KMD-L,W1-HOK-0-L-4521,,L,0,2,999,1998,
,,368,HOK-SH-BB-KMD-M,W1-HOK-0-M-4522,,M,0,2,999,1998,
,,369,HOK-SH-BB-KMD-S,W1-HOK-0-S-4523,,S,0,1,999,999,
,,370,HOK-SH-BB-KMD-XL,W1-HOK-0-XL-4524,,XL,0,1,999,999,
,,371,HOK-SH-BB-JGY-XL,W1-HOK-0-XL-4525,,XL,0,1,999,999,
,,372,HOK-SH-BB-JGY-L,W1-HOK-0-L-4526,,L,0,2,999,1998,
,,373,HOK-SH-BB-JGY-M,W1-HOK-0-M-4527,,M,0,2,999,1998,
,,374,HOK-SH-BB-JGY-S,W1-HOK-0-S-4528,,S,0,1,999,999,
,,375,HOK-SH-NSP-L,W1-HOK-0-L-4529,,L,0,2,999,1998,
,,376,HOK-SH-NSP-M,W1-HOK-0-M-4530,,M,0,2,999,1998,
,,377,HOK-SH-NSP-S,W1-HOK-0-S-4531,,S,0,1,999,999,
,,378,HOK-SH-NSP-XL,W1-HOK-0-XL-4532,,XL,0,1,999,999,
,,379,HOK-SH-GEO-LV-L,W1-HOK-0-L-4533,,L,0,3,899,2697,
,,380,HOK-SH-GEO-LV-M,W1-HOK-0-M-4534,,M,0,3,899,2697,
,,381,HOK-SH-GEO-LV-S,W1-HOK-0-S-4535,,S,0,2,899,1798,
,,382,HOK-SH-GEO-LV-XL,W1-HOK-0-XL-4536,,XL,0,2,899,1798,
,,383,HOK-SH-GEO-BN-L,W1-HOK-0-L-4537,,L,0,2,899,1798,
,,384,HOK-SH-GEO-BN-M,W1-HOK-0-M-4538,,M,0,2,899,1798,
,,385,HOK-SH-GEO-BN-S,W1-HOK-0-S-4539,,S,0,1,899,899,
,,386,HOK-SH-GEO-BN-XL,W1-HOK-0-XL-4540,,XL,0,1,899,899,
,,387,HOK-SH-CS-WE-L,W1-HOK-0-L-4541,,L,0,2,799,1598,
,,388,HOK-SH-CS-WE-M,W1-HOK-0-M-4542,,M,0,2,799,1598,
,,389,HOK-SH-CS-WE-S,W1-HOK-0-S-4543,,S,0,1,799,799,
,,390,HOK-SH-CS-WE-XL,W1-HOK-0-XL-4544,,XL,0,1,799,799,
,,391,HOK-CARGOKB-BK-28,W1-HOK-0-28-4545,,28,0,1,1299,1299,
,,392,HOK-CARGOKB-BK-30,W1-HOK-0-30-4546,,30,0,2,1299,2598,
,,393,HOK-CARGOKB-BK-32,W1-HOK-0-32-4547,,32,0,2,1299,2598,
,,394,HOK-CARGOKB-BK-34,W1-HOK-0-34-4548,,34,0,1,1299,1299,
,,395,HOK-SH-Z-RUST-L,W1-HOK-0-L-4549,,L,0,2,799,1598,
,,396,HOK-SH-Z-RUST-M,W1-HOK-0-M-4550,,M,0,2,799,1598,
,,397,HOK-SH-Z-RUST-S,W1-HOK-0-S-4551,,S,0,1,799,799,
,,398,HOK-SH-Z-RUST-XL,W1-HOK-0-XL-4552,,XL,0,1,799,799,
,,Terms:,,,,,,,Subtotal,,"674,643.00"
,,Commercials:,,,,,,,,,
,,• The revenue share has been set at 26%,,,,,,,,,
,,,,,,,,,,,
,,Settlement Period:,,,,,,,,,
,,•⁠  ⁠Settlements will be processed twice a month (on the 1st and 15th).,,,,,,,Total Amount (Inc. GST),,"674,643.00"
,,"•⁠  ⁠The invoice should reflect a price that is 26% lower than the total value (selling price) of goods, accounting for our commission/revenue.",,,,,,,,,
,,•⁠  ⁠The settlement amount will be based on the goods sold to the customers.,,,,,,,,,
,,,,,,,,,,,
,,Others,,,,,,,,,
,,•⁠  ⁠The brand needs to generate the invoice at the time of dispatch along with the e-way bill & delivery challan,,,,,,,,,